username,user_id
abrosimovaoe
akimovnv
alenatresh
anastasiiashadchneva
andrey_andreew
antondnn
antoni_chupis
antonkireew
bachelor_itmo
balashovasa
bazhutinaov
boitsev
bondarevskijmn
braunve
burbelaas
cherepanovaev
chursinovys
dajbageds
demidovaee
dgluschenko
dmitrysheshukov
dubravinna
dvolchek
dyachenkoov
dyakonovasg
egmichailova
evsikovks
ezhovaga
fadeevrv
fastmotor
gadzhieva_elvira
gorbunovaa
gorumo
grafeeva
gudisea
hodyrevan
holodnayaev
ibatullinaav
id_brunetochka
id160430089
kazymovaya
komarovdi
konyaev-alexsandr
kotovaly
kozminyhms
kozyrevaes
krapivinasa
krylovaos
kucheruksv
kushmanovati
kuznecovaem
lactea
larkk31
lazutkinn
lazyrinms
lohnevaei
lyalikovavg
mariia_i
markinaekal
martyshevdv
matveevamn
matveyukov
mdobrobaba
mengyas
mezan
mihajlovaev
mileniniv
mironovaekal
mishchenkoma
muravevalv
novikovaea
obedkovaav
oegorova
OlgaStrelnikova
paaashaaa
parnovaim
pavlovatv
petrik
petrovake
petrovarts
plotnikoviv
polikarpovoa
ponkratovaaa
popovaanvl
popovaverval
ratnersv
reshetnikovams
rezaiann
rigosikos
rogozinaiv
rustamazimov19021995
ryattelav
rylevagv
salihover
samohinavalo
savelevmm
semenovnn
shchitovaaa
shishkovavm
shulikavg
silaevama
sivakovia
sizovny
skopincevan
smolchenkomy
soa_
sobolevama
solodilovasv
sorokinasofig
suprun_a
tanyaahtanya
tishchenkodv
troyanovaa
ulyanovay
vlasovne
volkovayv
vorobevmy
xmmmmm
yakovlevairn
yurevaoa
zamulinaov
zaripovagm
zhmurinaad
zlobnovaai
zyryanovamo