user_id,username
3282368,zyryanovamo
3280709,zlobnovaai
3283821,zhmurinaad
3283822,zaripovagm
3280683,zamulinaov
3280729,yurevaoa
3283451,yakovlevairn
3094901,xmmmmm
3280911,vorobevmy
3280719,volkovayv
3280714,vlasovne
3281154,ulyanovay
3280720,troyanovaa
3280697,tishchenkodv
638515,tanyaahtanya
3283781,suprun_a
3283885,sorokinasofig
3280696,solodilovasv
3280668,sobolevama
3092694,soa_
3280728,smolchenkomy
3280667,skopincevan
3282369,sizovny
3280675,sivakovia
3283533,silaevama
3280700,shulikavg
3280695,shishkovavm
3296509,shchitovaaa
3280669,semenovnn
3280689,savelevmm
3281650,samohinavalo
3280710,salihover
3280682,rylevagv
3280730,ryattelav
3238289,rustamazimov19021995
3280698,rogozinaiv
3280699,rigosikos
3287850,rezaiann
3287851,reshetnikovams
3287849,ratnersv
3284024,popovaverval
3280735,popovaanvl
3280701,ponkratovaaa
3280678,polikarpovoa
3280692,plotnikoviv
3280733,petrovarts
3280703,petrovake
184725,petrik
3280684,pavlovatv
3280718,parnovaim
1424165,paaashaaa
3280685,oegorova
3280699,oegorova
3280728,oegorova
3282369,oegorova
3283781,oegorova
847852,oegorova
3280712,obedkovaav
3280717,novikovaea
3280731,muravevalv
3280715,mishchenkoma
3281157,mironovaekal
3280693,mileniniv
3280706,mihajlovaev
3280679,mezan
3280736,mengyas
2039114,mdobrobaba
3280686,matveyukov
3280666,matveevamn
3280687,martyshevdv
3280734,markinaekal
2885609,mariia_i
3284350,lyalikovavg
3280912,lohnevaei
3287847,lazyrinms
3280708,lazutkinn
3211558,larkk31
3279111,lactea
3280676,kuznecovaem
3280705,kushmanovati
3280681,kucheruksv
3280722,krylovaos
3281153,krapivinasa
3280707,kozyrevaes
3280713,kozminyhms
3280694,kotovaly
325428,konyaev-alexsandr
3280704,komarovdi
3280670,kazymovaya
2886618,id_brunetochka
484680,id160430089
3283532,ibatullinaav
3296508,holodnayaev
3280680,hodyrevan
3280725,gudisea
236789,grafeeva
158,gorumo
3280680,gorumo
3280682,gorumo
3280690,gorumo
3280695,gorumo
3280696,gorumo
3280725,gorumo
3280734,gorumo
3283529,gorumo
3287846,gorbunovaa
3283529,gadzhieva_elvira
2851926,fastmotor
3280702,fadeevrv
3280685,ezhovaga
3296507,evsikovks
64123,egmichailova
3280732,dyakonovasg
3280723,dyachenkoov
144,dvolchek
269892,dvolchek
2882692,dvolchek
3280667,dvolchek
3280674,dvolchek
3280680,dvolchek
3280686,dvolchek
3280688,dvolchek
3280695,dvolchek
3280697,dvolchek
3280706,dvolchek
3280711,dvolchek
3280728,dvolchek
3280730,dvolchek
3283529,dvolchek
3284024,dvolchek
3280690,dubravinna
3227510,dmitrysheshukov
2683038,dgluschenko
3280672,demidovaee
3280677,dajbageds
3280721,chursinovys
3280724,cherepanovaev
3280711,burbelaas
3280671,braunve
3280688,bondarevskijmn
30996,boitsev
3280674,bazhutinaov
3287845,balashovasa
2859429,bachelor_itmo
2994713,antonkireew
1645155,antoni_chupis
3276453,antondnn
1329024,andrey_andreew
3272654,anastasiiashadchneva
2882692,alenatresh
3280673,akimovnv
3280716,abrosimovaoe
269892,OlgaStrelnikova
