video_link,views_count,unique_students_count,popular_fragments
https://courses.openedu.ru/courses/course-v1:ITMOUniversity+DATANTECH2035+summer_2022_1/courseware/b3c2a3cc716b434397c089c31fafeddc/64bc9d18c729445583f29013f3772398/,5622,117,"6:56-11:55"
https://courses.openedu.ru/courses/course-v1:ITMOUniversity+DATANTECH2035+summer_2022_1/courseware/9fbe3b3f0d55488b8287412f935981d6/01e4e7833f2746faa6ad2d5d2ab4f9b4/,6954,101,"7:03-12:38"
https://courses.openedu.ru/courses/course-v1:ITMOUniversity+DATANTECH2035+summer_2022_1/courseware/b1faa0a35d794207bba406d2be1e9285/ac6b1937ac934d73b2af5fe18b6f854d/1,6564,101,"7:07-11:27"
https://courses.openedu.ru/courses/course-v1:ITMOUniversity+DATANTECH2035+summer_2022_1/courseware/68b4180d60b8412d8da23484f370bd02/a069095d9ede4b8ea2d92ababd6e5a31/,5935,107,"5:42-9:24"
https://courses.openedu.ru/courses/course-v1:ITMOUniversity+DATANTECH2035+summer_2022_1/courseware/484762194a504410855c71caa954ca7b/3e9b4d8b02ef461aab3fe79a82f954bf/,5127,93,"8:09-12:26"
https://courses.openedu.ru/courses/course-v1:ITMOUniversity+DATANTECH2035+summer_2022_1/courseware/68b4180d60b8412d8da23484f370bd02/a069095d9ede4b8ea2d92ababd6e5a31/,5967,108,"5:43-9:22"
https://courses.openedu.ru/courses/course-v1:ITMOUniversity+DATANTECH2035+summer_2022_1/courseware/b1faa0a35d794207bba406d2be1e9285/ac6b1937ac934d73b2af5fe18b6f854d/,6821,98,"6:40-10:28"
https://courses.openedu.ru/courses/course-v1:ITMOUniversity+DATANTECH2035+summer_2022_1/courseware/a2a413c671134a989bbed1781c030756/2277f96f8751433b9cbda5382f03d044/,2898,90,"6:17-10:24"
https://courses.openedu.ru/courses/course-v1:ITMOUniversity+DATANTECH2035+summer_2022_1/courseware/9fbe3b3f0d55488b8287412f935981d6/01e4e7833f2746faa6ad2d5d2ab4f9b4/,3173,110,"4:26-8:27"
https://courses.openedu.ru/courses/course-v1:ITMOUniversity+DATANTECH2035+summer_2022_1/courseware/a2a413c671134a989bbed1781c030756/2277f96f8751433b9cbda5382f03d044/,5207,93,"4:42-7:29"
https://courses.openedu.ru/courses/course-v1:ITMOUniversity+DATANTECH2035+summer_2022_1/courseware/9fbe3b3f0d55488b8287412f935981d6/01e4e7833f2746faa6ad2d5d2ab4f9b4/,3858,102,"3:36-3:48, 3:50-6:28"
https://courses.openedu.ru/courses/course-v1:ITMOUniversity+DATANTECH2035+summer_2022_1/courseware/484762194a504410855c71caa954ca7b/3e9b4d8b02ef461aab3fe79a82f954bf/,4545,89,"5:59-11:00"
https://courses.openedu.ru/courses/course-v1:ITMOUniversity+DATANTECH2035+summer_2022_1/courseware/b3c2a3cc716b434397c089c31fafeddc/64bc9d18c729445583f29013f3772398/,3121,109,"4:51-8:39"
https://courses.openedu.ru/courses/course-v1:ITMOUniversity+DATANTECH2035+summer_2022_1/courseware/a2a413c671134a989bbed1781c030756/2277f96f8751433b9cbda5382f03d044/,2271,95,"3:27-5:28"
https://courses.openedu.ru/courses/course-v1:ITMOUniversity+DATANTECH2035+summer_2022_1/courseware/b3c2a3cc716b434397c089c31fafeddc/64bc9d18c729445583f29013f3772398/,3541,112,"7:37-11:37"
https://courses.openedu.ru/courses/course-v1:ITMOUniversity+DATANTECH2035+summer_2022_1/courseware/b1faa0a35d794207bba406d2be1e9285/ac6b1937ac934d73b2af5fe18b6f854d/,3763,99,"3:02-5:19"
https://courses.openedu.ru/courses/course-v1:ITMOUniversity+DATANTECH2035+summer_2022_1/courseware/cbf1ecb85bf7450fb4ec716fe59f0f03/f70d5986af0843a5ba1be40b5d52ea3e/,2284,78,"5:15-8:03"
https://courses.openedu.ru/courses/course-v1:ITMOUniversity+DATANTECH2035+summer_2022_1/courseware/a4cffffbad70416bafa2b5a67525c1c8/c9f95fe64ee144b493b8b3864bb0581a/,1685,75,"4:37-7:58"
https://courses.openedu.ru/courses/course-v1:ITMOUniversity+DATANTECH2035+summer_2022_1/courseware/b3c2a3cc716b434397c089c31fafeddc/64bc9d18c729445583f29013f3772398/,2972,110,"5:24-9:30"
https://courses.openedu.ru/courses/course-v1:ITMOUniversity+DATANTECH2035+summer_2022_1/courseware/a2a413c671134a989bbed1781c030756/2277f96f8751433b9cbda5382f03d044/1,3021,84,"4:19-7:28"
https://courses.openedu.ru/courses/course-v1:ITMOUniversity+DATANTECH2035+summer_2022_1/courseware/123bf1103a954d9ea145f4bb17acb6f8/e21a44f250d247b0b84006f4a81a1b16/,2342,54,"4:51-8:02"
https://courses.openedu.ru/courses/course-v1:ITMOUniversity+DATANTECH2035+summer_2022_1/courseware/a4cffffbad70416bafa2b5a67525c1c8/c9f95fe64ee144b493b8b3864bb0581a/,1717,73,"5:11-5:24, 5:33-8:55"
https://courses.openedu.ru/courses/course-v1:ITMOUniversity+DATANTECH2035+summer_2022_1/courseware/1f04e176f3ab4e57aa8279610f03fc06/080cb770c2974b679b8b326e0bc0d0fa/,2113,76,"4:28-6:45"
https://courses.openedu.ru/courses/course-v1:ITMOUniversity+DATANTECH2035+summer_2022_1/courseware/a4cffffbad70416bafa2b5a67525c1c8/c9f95fe64ee144b493b8b3864bb0581a/,2054,73,"4:19-7:26"
https://courses.openedu.ru/courses/course-v1:ITMOUniversity+DATANTECH2035+summer_2022_1/courseware/9fbe3b3f0d55488b8287412f935981d6/01e4e7833f2746faa6ad2d5d2ab4f9b4/,2847,99,"2:59-4:53"
https://courses.openedu.ru/courses/course-v1:ITMOUniversity+DATANTECH2035+summer_2022_1/courseware/123bf1103a954d9ea145f4bb17acb6f8/e21a44f250d247b0b84006f4a81a1b16/,1622,66,"4:34-7:56"
https://courses.openedu.ru/courses/course-v1:ITMOUniversity+DATANTECH2035+summer_2022_1/courseware/b3c2a3cc716b434397c089c31fafeddc/64bc9d18c729445583f29013f3772398/,3333,109,"9:06-15:07"
https://courses.openedu.ru/courses/course-v1:ITMOUniversity+DATANTECH2035+summer_2022_1/courseware/a4cffffbad70416bafa2b5a67525c1c8/c9f95fe64ee144b493b8b3864bb0581a/,1850,74,"4:27-4:45, 4:46-7:48"
https://courses.openedu.ru/courses/course-v1:ITMOUniversity+DATANTECH2035+summer_2022_1/courseware/9fbe3b3f0d55488b8287412f935981d6/01e4e7833f2746faa6ad2d5d2ab4f9b4/,2192,100,"3:46-6:27"
https://courses.openedu.ru/courses/course-v1:ITMOUniversity+DATANTECH2035+summer_2022_1/courseware/1f04e176f3ab4e57aa8279610f03fc06/080cb770c2974b679b8b326e0bc0d0fa/,2116,70,"5:10-5:25, 5:28-8:32"
https://courses.openedu.ru/courses/course-v1:ITMOUniversity+DATANTECH2035+summer_2022_1/courseware/cbf1ecb85bf7450fb4ec716fe59f0f03/f70d5986af0843a5ba1be40b5d52ea3e/,1859,75,"3:31-6:08"
https://courses.openedu.ru/courses/course-v1:ITMOUniversity+DATANTECH2035+summer_2022_1/courseware/cbf1ecb85bf7450fb4ec716fe59f0f03/f70d5986af0843a5ba1be40b5d52ea3e/,2724,75,"5:57-6:09, 6:10-11:03"
https://courses.openedu.ru/courses/course-v1:ITMOUniversity+DATANTECH2035+summer_2022_1/courseware/a4cffffbad70416bafa2b5a67525c1c8/c9f95fe64ee144b493b8b3864bb0581a/,1409,72,"4:17-4:34, 4:58-7:43"
https://courses.openedu.ru/courses/course-v1:ITMOUniversity+DATANTECH2035+summer_2022_1/courseware/b66d79f0b8ca4b78bc2de7b9555d7286/a5db68bf79e944419d52014684b6f719/,1444,92,"5:24-8:50"
https://courses.openedu.ru/courses/course-v1:ITMOUniversity+DATANTECH2035+summer_2022_1/courseware/68b4180d60b8412d8da23484f370bd02/a069095d9ede4b8ea2d92ababd6e5a31/,2914,105,"3:53-6:04"
https://courses.openedu.ru/courses/course-v1:ITMOUniversity+DATANTECH2035+summer_2022_1/courseware/1f04e176f3ab4e57aa8279610f03fc06/080cb770c2974b679b8b326e0bc0d0fa/,1974,64,"3:56-4:17, 4:41-5:13, 5:29-7:51"
https://courses.openedu.ru/courses/course-v1:ITMOUniversity+DATANTECH2035+summer_2022_1/courseware/68b4180d60b8412d8da23484f370bd02/a069095d9ede4b8ea2d92ababd6e5a31/,1724,107,"1:56-3:07"
https://courses.openedu.ru/courses/course-v1:ITMOUniversity+DATANTECH2035+summer_2022_1/courseware/1f04e176f3ab4e57aa8279610f03fc06/080cb770c2974b679b8b326e0bc0d0fa/,1605,65,"2:58-4:57"
https://courses.openedu.ru/courses/course-v1:ITMOUniversity+DATANTECH2035+summer_2022_1/courseware/1f04e176f3ab4e57aa8279610f03fc06/080cb770c2974b679b8b326e0bc0d0fa/,1947,69,"4:46-8:12"
https://courses.openedu.ru/courses/course-v1:ITMOUniversity+DATANTECH2035+summer_2022_1/courseware/123bf1103a954d9ea145f4bb17acb6f8/e21a44f250d247b0b84006f4a81a1b16/,1474,53,"5:28-9:36"
https://courses.openedu.ru/courses/course-v1:ITMOUniversity+DATANTECH2035+summer_2022_1/courseware/b66d79f0b8ca4b78bc2de7b9555d7286/a5db68bf79e944419d52014684b6f719/,1519,85,"5:00-8:23"
https://courses.openedu.ru/courses/course-v1:ITMOUniversity+DATANTECH2035+summer_2022_1/courseware/14190293cbc540feb11490a690e39cc1/9480a56a077c4a759c5965e77170d99f/1,810,53,"3:47-4:00, 4:10-6:39"
https://courses.openedu.ru/courses/course-v1:ITMOUniversity+DATANTECH2035+summer_2022_1/courseware/cff236d4fb7c43e98ac5bf4aa7ded990/c7b3dabbea574ae9a4896d239e33cdcf/,1327,39,"5:02-9:12"
https://courses.openedu.ru/courses/course-v1:ITMOUniversity+DATANTECH2035+summer_2022_1/courseware/cff236d4fb7c43e98ac5bf4aa7ded990/c7b3dabbea574ae9a4896d239e33cdcf/,864,41,"6:35-8:27"
https://courses.openedu.ru/courses/course-v1:ITMOUniversity+DATANTECH2035+summer_2022_1/courseware/b66d79f0b8ca4b78bc2de7b9555d7286/a5db68bf79e944419d52014684b6f719/,1499,87,"3:38-3:53, 3:55-6:12"
https://courses.openedu.ru/courses/course-v1:ITMOUniversity+DATANTECH2035+summer_2022_1/courseware/484762194a504410855c71caa954ca7b/3e9b4d8b02ef461aab3fe79a82f954bf/,1511,89,"3:09-5:19"
https://courses.openedu.ru/courses/course-v1:ITMOUniversity+DATANTECH2035+summer_2022_1/courseware/1f04e176f3ab4e57aa8279610f03fc06/080cb770c2974b679b8b326e0bc0d0fa/,1229,63,"3:31-5:27"
https://courses.openedu.ru/courses/course-v1:ITMOUniversity+DATANTECH2035+summer_2022_1/courseware/e71eb50ddf6e4f759a76f6c13441ede9/a44070d49d9e4b2389acc6d4792f3ac0/1,2388,81,"3:54-6:46"
https://courses.openedu.ru/courses/course-v1:ITMOUniversity+DATANTECH2035+summer_2022_1/courseware/cbf1ecb85bf7450fb4ec716fe59f0f03/f70d5986af0843a5ba1be40b5d52ea3e/,1514,75,"5:34-5:47, 5:48-9:25"
https://courses.openedu.ru/courses/course-v1:ITMOUniversity+DATANTECH2035+summer_2022_1/courseware/b66d79f0b8ca4b78bc2de7b9555d7286/a5db68bf79e944419d52014684b6f719/,1556,81,"3:21-5:43"
https://courses.openedu.ru/courses/course-v1:ITMOUniversity+DATANTECH2035+summer_2022_1/courseware/b66d79f0b8ca4b78bc2de7b9555d7286/a5db68bf79e944419d52014684b6f719/,1173,82,"4:55-8:31"
https://courses.openedu.ru/courses/course-v1:ITMOUniversity+DATANTECH2035+summer_2022_1/courseware/484762194a504410855c71caa954ca7b/3e9b4d8b02ef461aab3fe79a82f954bf/,1654,86,"5:11-10:23"
https://courses.openedu.ru/courses/course-v1:ITMOUniversity+DATANTECH2035+summer_2022_1/courseware/cff236d4fb7c43e98ac5bf4aa7ded990/c7b3dabbea574ae9a4896d239e33cdcf/,826,40,"4:50-8:41"
https://courses.openedu.ru/courses/course-v1:ITMOUniversity+DATANTECH2035+summer_2022_1/courseware/14190293cbc540feb11490a690e39cc1/9480a56a077c4a759c5965e77170d99f/1,704,40,"3:26-4:01, 4:11-9:03"
https://courses.openedu.ru/courses/course-v1:ITMOUniversity+DATANTECH2035+summer_2022_1/courseware/cff236d4fb7c43e98ac5bf4aa7ded990/c7b3dabbea574ae9a4896d239e33cdcf/,1085,39,"4:52-9:53"
https://courses.openedu.ru/courses/course-v1:ITMOUniversity+DATANTECH2035+summer_2022_1/courseware/123bf1103a954d9ea145f4bb17acb6f8/e21a44f250d247b0b84006f4a81a1b16/,604,51,"3:55-6:40"
https://courses.openedu.ru/courses/course-v1:ITMOUniversity+DATANTECH2035+summer_2022_1/courseware/38719609bff540739be088c7e325eb95/6d5c7518d2a249f1a6479ffefe788094/,467,36,"3:59-6:10"
https://courses.openedu.ru/courses/course-v1:ITMOUniversity+DATANTECH2035+summer_2022_1/courseware/c2baff7ed8cb4af2a9fef0af8b72ea02/cebade3260a24525b2c1879e8a3dd1a2/,423,31,"3:14-3:30, 3:47-4:28, 4:38-12:33"
https://courses.openedu.ru/courses/course-v1:ITMOUniversity+DATANTECH2035+summer_2022_1/courseware/c2baff7ed8cb4af2a9fef0af8b72ea02/cebade3260a24525b2c1879e8a3dd1a2/,483,31,"5:30-9:59"
https://courses.openedu.ru/courses/course-v1:ITMOUniversity+DATANTECH2035+summer_2022_1/courseware/38719609bff540739be088c7e325eb95/6d5c7518d2a249f1a6479ffefe788094/,604,31,"4:19-4:41, 5:00-8:40"
https://courses.openedu.ru/courses/course-v1:ITMOUniversity+DATANTECH2035+summer_2022_1/courseware/38719609bff540739be088c7e325eb95/6d5c7518d2a249f1a6479ffefe788094/,458,32,"3:58-4:35, 4:48-6:01"
https://courses.openedu.ru/courses/course-v1:ITMOUniversity+DATANTECH2035+summer_2022_1/courseware/38719609bff540739be088c7e325eb95/6d5c7518d2a249f1a6479ffefe788094/,424,33,"4:28-4:49, 4:03-4:26, 3:05-3:29"
https://courses.openedu.ru/courses/course-v1:ITMOUniversity+DATANTECH2035+summer_2022_1/courseware/45ae60bd04f943a79d72a71be089dfc0/d54120bd3ed54990abff3c7a5b369920/,372,30,"3:22-4:08, 4:12-6:32"
https://courses.openedu.ru/courses/course-v1:ITMOUniversity+DATANTECH2035+summer_2022_1/courseware/c2baff7ed8cb4af2a9fef0af8b72ea02/cebade3260a24525b2c1879e8a3dd1a2/,411,29,"2:53-5:02"
https://courses.openedu.ru/courses/course-v1:ITMOUniversity+DATANTECH2035+summer_2022_1/courseware/b8f2ca7be6ba4412964f1b2803e33bc6/3ad687a87ed5456fb03022b08598f646/,1224,64,"6:15-11:59"
https://courses.openedu.ru/courses/course-v1:ITMOUniversity+DATANTECH2035+summer_2022_1/courseware/e0d796766693492face446db21392cbb/ef103cec2d9f4787857e0001559569a6/,493,21,"9:18-13:01"
https://courses.openedu.ru/courses/course-v1:ITMOUniversity+DATANTECH2035+summer_2022_1/courseware/45ae60bd04f943a79d72a71be089dfc0/d54120bd3ed54990abff3c7a5b369920/,430,29,"2:37-2:50, 2:53-5:33"
https://courses.openedu.ru/courses/course-v1:ITMOUniversity+DATANTECH2035+summer_2022_1/courseware/0bbb69c3f41b46acbd92369f05d1e85f/49a4ad64116149e3802ccab9b335e2a6/,1026,59,"5:10-7:54"
https://courses.openedu.ru/courses/course-v1:ITMOUniversity+DATANTECH2035+summer_2022_1/courseware/e71eb50ddf6e4f759a76f6c13441ede9/cb6523d05390460ba4863213951b86c5/1,819,68,"5:20-8:13"
https://courses.openedu.ru/courses/course-v1:ITMOUniversity+DATANTECH2035+summer_2022_1/courseware/14190293cbc540feb11490a690e39cc1/9480a56a077c4a759c5965e77170d99f/1,494,41,"2:59-5:39"
https://courses.openedu.ru/courses/course-v1:ITMOUniversity+DATANTECH2035+summer_2022_1/courseware/38719609bff540739be088c7e325eb95/6d5c7518d2a249f1a6479ffefe788094/,370,31,"3:36-4:24, 4:25-6:27"
https://courses.openedu.ru/courses/course-v1:ITMOUniversity+DATANTECH2035+summer_2022_1/courseware/a1cc086a5cf34dcaae06eb6f0ba39f4f/c7f80c840c03431f87b53c5029b02686/,702,46,"3:04-3:16, 3:30-5:32"
https://courses.openedu.ru/courses/course-v1:ITMOUniversity+DATANTECH2035+summer_2022_1/courseware/b8f2ca7be6ba4412964f1b2803e33bc6/75516ca1a9de4da99228ec3c029749c1/,1316,68,"11:32-14:12"
https://courses.openedu.ru/courses/course-v1:ITMOUniversity+DATANTECH2035+summer_2022_1/courseware/b8f2ca7be6ba4412964f1b2803e33bc6/3ad687a87ed5456fb03022b08598f646/,1113,53,"3:00-4:20"
https://courses.openedu.ru/courses/course-v1:ITMOUniversity+DATANTECH2035+summer_2022_1/courseware/e71eb50ddf6e4f759a76f6c13441ede9/cb6523d05390460ba4863213951b86c5/1,801,81,"2:10-2:31, 2:40-4:25"
https://courses.openedu.ru/courses/course-v1:ITMOUniversity+DATANTECH2035+summer_2022_1/courseware/999ad798797b4a3a9623b8fee69b05b0/b025fc32653d4df89aefc0ce578ee48d/,805,53,"2:40-3:59"
https://courses.openedu.ru/courses/course-v1:ITMOUniversity+DATANTECH2035+summer_2022_1/courseware/e71eb50ddf6e4f759a76f6c13441ede9/cb6523d05390460ba4863213951b86c5/1,620,63,"3:15-3:28, 3:35-5:51"
https://courses.openedu.ru/courses/course-v1:ITMOUniversity+DATANTECH2035+summer_2022_1/courseware/0bbb69c3f41b46acbd92369f05d1e85f/49a4ad64116149e3802ccab9b335e2a6/,868,56,"1:55-3:24"
https://courses.openedu.ru/courses/course-v1:ITMOUniversity+DATANTECH2035+summer_2022_1/courseware/0bbb69c3f41b46acbd92369f05d1e85f/49a4ad64116149e3802ccab9b335e2a6/6,1912,58,"4:40-7:25"
https://courses.openedu.ru/courses/course-v1:ITMOUniversity+DATANTECH2035+summer_2022_1/courseware/0bbb69c3f41b46acbd92369f05d1e85f/49a4ad64116149e3802ccab9b335e2a6/,986,56,"2:10-3:41"
https://courses.openedu.ru/courses/course-v1:ITMOUniversity+DATANTECH2035+summer_2022_1/courseware/81c17e483fbe41e697993ca413332e72/ab944340649f42fcb070deace49d1e95/1,266,11,"7:17-7:37, 8:07-10:56"
https://courses.openedu.ru/courses/course-v1:ITMOUniversity+DATANTECH2035+summer_2022_1/courseware/e0d796766693492face446db21392cbb/ef103cec2d9f4787857e0001559569a6/,405,19,"4:22-4:48, 4:49-6:04"
https://courses.openedu.ru/courses/course-v1:ITMOUniversity+DATANTECH2035+summer_2022_1/courseware/e71eb50ddf6e4f759a76f6c13441ede9/cb6523d05390460ba4863213951b86c5/1,711,66,"4:05-6:34"
https://courses.openedu.ru/courses/course-v1:ITMOUniversity+DATANTECH2035+summer_2022_1/courseware/b8f2ca7be6ba4412964f1b2803e33bc6/3ad687a87ed5456fb03022b08598f646/,633,49,"2:15-3:29"
https://courses.openedu.ru/courses/course-v1:ITMOUniversity+DATANTECH2035+summer_2022_1/courseware/0bbb69c3f41b46acbd92369f05d1e85f/403fc3ffa3ec4b1fa0b28151f302e369/,1063,63,"3:57-4:11, 4:17-4:35, 4:40-7:45"
https://courses.openedu.ru/courses/course-v1:ITMOUniversity+DATANTECH2035+summer_2022_1/courseware/a1cc086a5cf34dcaae06eb6f0ba39f4f/c7f80c840c03431f87b53c5029b02686/1,577,37,"7:52-8:03, 8:10-9:32"
https://courses.openedu.ru/courses/course-v1:ITMOUniversity+DATANTECH2035+summer_2022_1/courseware/b8f2ca7be6ba4412964f1b2803e33bc6/75516ca1a9de4da99228ec3c029749c1/,1180,63,"2:12-3:39"
https://courses.openedu.ru/courses/course-v1:ITMOUniversity+DATANTECH2035+summer_2022_1/courseware/e71eb50ddf6e4f759a76f6c13441ede9/cb6523d05390460ba4863213951b86c5/,586,62,"1:53-4:01"
https://courses.openedu.ru/courses/course-v1:ITMOUniversity+DATANTECH2035+summer_2022_1/courseware/81c17e483fbe41e697993ca413332e72/a0fdf7f36aab4847ab8f0381c27b333f/,173,10,"3:12-4:03, 4:04-10:14"
https://courses.openedu.ru/courses/course-v1:ITMOUniversity+DATANTECH2035+summer_2022_1/courseware/14190293cbc540feb11490a690e39cc1/9480a56a077c4a759c5965e77170d99f/,362,42,"3:28-6:21"
https://courses.openedu.ru/courses/course-v1:ITMOUniversity+DATANTECH2035+summer_2022_1/courseware/5967a352d9f4470ab988ac44f81e268d/140309fa25ab4594b2fa728294a07e3c/,944,52,"4:25-7:16"
https://courses.openedu.ru/courses/course-v1:ITMOUniversity+DATANTECH2035+summer_2022_1/courseware/0bbb69c3f41b46acbd92369f05d1e85f/403fc3ffa3ec4b1fa0b28151f302e369/,593,50,"1:30-2:34"
https://courses.openedu.ru/courses/course-v1:ITMOUniversity+DATANTECH2035+summer_2022_1/courseware/e71eb50ddf6e4f759a76f6c13441ede9/cb6523d05390460ba4863213951b86c5/1,529,66,"0:45-1:41"
https://courses.openedu.ru/courses/course-v1:ITMOUniversity+DATANTECH2035+summer_2022_1/courseware/a1cc086a5cf34dcaae06eb6f0ba39f4f/c7f80c840c03431f87b53c5029b02686/,364,36,"2:43-2:58, 3:17-4:25"
https://courses.openedu.ru/courses/course-v1:ITMOUniversity+DATANTECH2035+summer_2022_1/courseware/81c17e483fbe41e697993ca413332e72/a0fdf7f36aab4847ab8f0381c27b333f/,246,13,"7:35-9:34"
https://courses.openedu.ru/courses/course-v1:ITMOUniversity+DATANTECH2035+summer_2022_1/courseware/f2d9d5651e64479b8aece0048a66db87/d0e62a6e6653488eb0f104346bb53507/,307,24,"9:55-10:17, 10:18-13:28"
https://courses.openedu.ru/courses/course-v1:ITMOUniversity+DATANTECH2035+summer_2022_1/courseware/b8f2ca7be6ba4412964f1b2803e33bc6/33096dc4c8d64d46937f3abe7a6bb0bc/,839,61,"1:55-3:38"
https://courses.openedu.ru/courses/course-v1:ITMOUniversity+DATANTECH2035+summer_2022_1/courseware/a1cc086a5cf34dcaae06eb6f0ba39f4f/c7f80c840c03431f87b53c5029b02686/,519,38,"2:40-3:42"
https://courses.openedu.ru/courses/course-v1:ITMOUniversity+DATANTECH2035+summer_2022_1/courseware/b8f2ca7be6ba4412964f1b2803e33bc6/33096dc4c8d64d46937f3abe7a6bb0bc/,1293,65,"4:20-6:48"
https://courses.openedu.ru/courses/course-v1:ITMOUniversity+DATANTECH2035+summer_2022_1/courseware/a1cc086a5cf34dcaae06eb6f0ba39f4f/c7f80c840c03431f87b53c5029b02686/,868,44,"8:00-11:05"
https://courses.openedu.ru/courses/course-v1:ITMOUniversity+DATANTECH2035+summer_2022_1/courseware/b8f2ca7be6ba4412964f1b2803e33bc6/75516ca1a9de4da99228ec3c029749c1/,665,60,"2:14-4:23"
https://courses.openedu.ru/courses/course-v1:ITMOUniversity+DATANTECH2035+summer_2022_1/courseware/a1cc086a5cf34dcaae06eb6f0ba39f4f/c7f80c840c03431f87b53c5029b02686/,553,73,"2:30-2:51, 4:04-4:25, 3:10-4:03"
https://courses.openedu.ru/courses/course-v1:ITMOUniversity+DATANTECH2035+summer_2022_1/courseware/0bbb69c3f41b46acbd92369f05d1e85f/49a4ad64116149e3802ccab9b335e2a6/1,916,59,"1:55-3:10"
https://courses.openedu.ru/courses/course-v1:ITMOUniversity+DATANTECH2035+summer_2022_1/courseware/999ad798797b4a3a9623b8fee69b05b0/b025fc32653d4df89aefc0ce578ee48d/,1062,52,"6:05-9:33"
https://courses.openedu.ru/courses/course-v1:ITMOUniversity+DATANTECH2035+summer_2022_1/courseware/f2d9d5651e64479b8aece0048a66db87/6a566d1371964028a8d0841f83b919b7/,394,27,"6:14-6:31, 5:39-6:07, 6:45-8:48"
https://courses.openedu.ru/courses/course-v1:ITMOUniversity+DATANTECH2035+summer_2022_1/courseware/999ad798797b4a3a9623b8fee69b05b0/b025fc32653d4df89aefc0ce578ee48d/,705,52,"3:00-4:40"
https://courses.openedu.ru/courses/course-v1:ITMOUniversity+DATANTECH2035+summer_2022_1/courseware/5967a352d9f4470ab988ac44f81e268d/4684cc57487a4f9ea4a2a0d7eef42655/,881,48,"5:34-8:19"
https://courses.openedu.ru/courses/course-v1:ITMOUniversity+DATANTECH2035+summer_2022_1/courseware/999ad798797b4a3a9623b8fee69b05b0/b025fc32653d4df89aefc0ce578ee48d/,851,53,"3:50-5:43"
https://courses.openedu.ru/courses/course-v1:ITMOUniversity+DATANTECH2035+summer_2022_1/courseware/81c17e483fbe41e697993ca413332e72/a0fdf7f36aab4847ab8f0381c27b333f/,259,10,"3:54-5:42"
https://courses.openedu.ru/courses/course-v1:ITMOUniversity+DATANTECH2035+summer_2022_1/courseware/e71eb50ddf6e4f759a76f6c13441ede9/cb6523d05390460ba4863213951b86c5/1,426,60,"1:25-2:25"
https://courses.openedu.ru/courses/course-v1:ITMOUniversity+DATANTECH2035+summer_2022_1/courseware/e0d796766693492face446db21392cbb/3bdc7624bc85442fb2c0d6ab883277e6/,233,13,"5:15-5:47, 6:14-7:46"
https://courses.openedu.ru/courses/course-v1:ITMOUniversity+DATANTECH2035+summer_2022_1/courseware/0bbb69c3f41b46acbd92369f05d1e85f/403fc3ffa3ec4b1fa0b28151f302e369/,710,52,"4:44-6:27"
https://courses.openedu.ru/courses/course-v1:ITMOUniversity+DATANTECH2035+summer_2022_1/courseware/5967a352d9f4470ab988ac44f81e268d/140309fa25ab4594b2fa728294a07e3c/1,781,47,"3:50-7:40"
https://courses.openedu.ru/courses/course-v1:ITMOUniversity+DATANTECH2035+summer_2022_1/courseware/0bbb69c3f41b46acbd92369f05d1e85f/49a4ad64116149e3802ccab9b335e2a6/,930,60,"4:30-8:02"
https://courses.openedu.ru/courses/course-v1:ITMOUniversity+DATANTECH2035+summer_2022_1/courseware/0bbb69c3f41b46acbd92369f05d1e85f/49a4ad64116149e3802ccab9b335e2a6/,650,68,"2:20-6:10"
https://courses.openedu.ru/courses/course-v1:ITMOUniversity+DATANTECH2035+summer_2022_1/courseware/81c17e483fbe41e697993ca413332e72/ab944340649f42fcb070deace49d1e95/2,184,11,"2:34-2:45, 2:46-4:51"
https://courses.openedu.ru/courses/course-v1:ITMOUniversity+DATANTECH2035+summer_2022_1/courseware/b8f2ca7be6ba4412964f1b2803e33bc6/33096dc4c8d64d46937f3abe7a6bb0bc/,826,59,"2:19-4:15"
https://courses.openedu.ru/courses/course-v1:ITMOUniversity+DATANTECH2035+summer_2022_1/courseware/a0cba4be6c4641b68e4b64eefa7c9b9b/8684cd0ad5f9412e9cfd495126aa2495/,443,23,"7:25-13:07"
https://courses.openedu.ru/courses/course-v1:ITMOUniversity+DATANTECH2035+summer_2022_1/courseware/f2d9d5651e64479b8aece0048a66db87/6a566d1371964028a8d0841f83b919b7/2,258,24,"3:22-3:59, 4:00-7:43"
https://courses.openedu.ru/courses/course-v1:ITMOUniversity+DATANTECH2035+summer_2022_1/courseware/5967a352d9f4470ab988ac44f81e268d/b6566d5978594b7ab3ceedbfe79c4f97/,558,51,"2:40-4:14"
https://courses.openedu.ru/courses/course-v1:ITMOUniversity+DATANTECH2035+summer_2022_1/courseware/b8f2ca7be6ba4412964f1b2803e33bc6/33096dc4c8d64d46937f3abe7a6bb0bc/,832,74,"3:10-3:23, 4:15-7:30"
https://courses.openedu.ru/courses/course-v1:ITMOUniversity+DATANTECH2035+summer_2022_1/courseware/81c17e483fbe41e697993ca413332e72/ab944340649f42fcb070deace49d1e95/2,163,10,"2:20-6:57"
https://courses.openedu.ru/courses/course-v1:ITMOUniversity+DATANTECH2035+summer_2022_1/courseware/5967a352d9f4470ab988ac44f81e268d/4684cc57487a4f9ea4a2a0d7eef42655/,735,49,"1:43-1:54, 2:10-3:23"
https://courses.openedu.ru/courses/course-v1:ITMOUniversity+DATANTECH2035+summer_2022_1/courseware/e0d796766693492face446db21392cbb/3bdc7624bc85442fb2c0d6ab883277e6/,240,20,"1:08-1:19, 0:33-0:54, 0:10-0:32"
https://courses.openedu.ru/courses/course-v1:ITMOUniversity+DATANTECH2035+summer_2022_1/courseware/5967a352d9f4470ab988ac44f81e268d/140309fa25ab4594b2fa728294a07e3c/1,671,50,"5:30-8:18"
https://courses.openedu.ru/courses/course-v1:ITMOUniversity+DATANTECH2035+summer_2022_1/courseware/999ad798797b4a3a9623b8fee69b05b0/b025fc32653d4df89aefc0ce578ee48d/,1169,55,"6:14-9:19"
https://courses.openedu.ru/courses/course-v1:ITMOUniversity+DATANTECH2035+summer_2022_1/courseware/a1cc086a5cf34dcaae06eb6f0ba39f4f/c7f80c840c03431f87b53c5029b02686/,501,35,"3:22-4:46"
https://courses.openedu.ru/courses/course-v1:ITMOUniversity+DATANTECH2035+summer_2022_1/courseware/5967a352d9f4470ab988ac44f81e268d/b6566d5978594b7ab3ceedbfe79c4f97/,972,54,"2:58-6:25"
https://courses.openedu.ru/courses/course-v1:ITMOUniversity+DATANTECH2035+summer_2022_1/courseware/999ad798797b4a3a9623b8fee69b05b0/b025fc32653d4df89aefc0ce578ee48d/,869,59,"2:35-3:54"
https://courses.openedu.ru/courses/course-v1:ITMOUniversity+DATANTECH2035+summer_2022_1/courseware/81c17e483fbe41e697993ca413332e72/ab944340649f42fcb070deace49d1e95/,162,17,"3:12-3:37, 7:49-9:15"
https://courses.openedu.ru/courses/course-v1:ITMOUniversity+DATANTECH2035+summer_2022_1/courseware/f2d9d5651e64479b8aece0048a66db87/d0e62a6e6653488eb0f104346bb53507/,258,25,"3:15-4:46"
https://courses.openedu.ru/courses/course-v1:ITMOUniversity+DATANTECH2035+summer_2022_1/courseware/a0cba4be6c4641b68e4b64eefa7c9b9b/8684cd0ad5f9412e9cfd495126aa2495/,309,23,"6:45-9:37"
https://courses.openedu.ru/courses/course-v1:ITMOUniversity+DATANTECH2035+summer_2022_1/courseware/5967a352d9f4470ab988ac44f81e268d/4684cc57487a4f9ea4a2a0d7eef42655/,1188,54,"5:05-9:22"
https://courses.openedu.ru/courses/course-v1:ITMOUniversity+DATANTECH2035+summer_2022_1/courseware/81c17e483fbe41e697993ca413332e72/a0fdf7f36aab4847ab8f0381c27b333f/,104,11,"6:10-8:27"
https://courses.openedu.ru/courses/course-v1:ITMOUniversity+DATANTECH2035+summer_2022_1/courseware/a0cba4be6c4641b68e4b64eefa7c9b9b/ec576d6a97b040a3bd4d3b8df0f8fb18/8,323,23,"2:40-4:36"
https://courses.openedu.ru/courses/course-v1:ITMOUniversity+DATANTECH2035+summer_2022_1/courseware/a1cc086a5cf34dcaae06eb6f0ba39f4f/c7f80c840c03431f87b53c5029b02686/,514,38,"2:15-3:21"
https://courses.openedu.ru/courses/course-v1:ITMOUniversity+DATANTECH2035+summer_2022_1/courseware/999ad798797b4a3a9623b8fee69b05b0/b025fc32653d4df89aefc0ce578ee48d/3,942,54,"3:35-6:32"
https://courses.openedu.ru/courses/course-v1:ITMOUniversity+DATANTECH2035+summer_2022_1/courseware/e0d796766693492face446db21392cbb/ef103cec2d9f4787857e0001559569a6/1,265,20,"2:12-2:23, 3:34-4:40"
https://courses.openedu.ru/courses/course-v1:ITMOUniversity+DATANTECH2035+summer_2022_1/courseware/a0cba4be6c4641b68e4b64eefa7c9b9b/ec576d6a97b040a3bd4d3b8df0f8fb18/,213,19,"2:24-7:24"
https://courses.openedu.ru/courses/course-v1:ITMOUniversity+DATANTECH2035+summer_2022_1/courseware/b8f2ca7be6ba4412964f1b2803e33bc6/33096dc4c8d64d46937f3abe7a6bb0bc/6,879,59,"2:14-3:42"
https://courses.openedu.ru/courses/course-v1:ITMOUniversity+DATANTECH2035+summer_2022_1/courseware/a0cba4be6c4641b68e4b64eefa7c9b9b/ec576d6a97b040a3bd4d3b8df0f8fb18/2,282,19,"3:55-6:16"
https://courses.openedu.ru/courses/course-v1:ITMOUniversity+DATANTECH2035+summer_2022_1/courseware/e0d796766693492face446db21392cbb/3bdc7624bc85442fb2c0d6ab883277e6/,226,14,"1:45-2:27, 2:28-3:40, 3:41-8:37"
https://courses.openedu.ru/courses/course-v1:ITMOUniversity+DATANTECH2035+summer_2022_1/courseware/f2d9d5651e64479b8aece0048a66db87/d0e62a6e6653488eb0f104346bb53507/,402,26,"3:40-8:40"
https://courses.openedu.ru/courses/course-v1:ITMOUniversity+DATANTECH2035+summer_2022_1/courseware/999ad798797b4a3a9623b8fee69b05b0/b025fc32653d4df89aefc0ce578ee48d/1,955,66,"3:09-5:04"
https://courses.openedu.ru/courses/course-v1:ITMOUniversity+DATANTECH2035+summer_2022_1/courseware/f2d9d5651e64479b8aece0048a66db87/6a566d1371964028a8d0841f83b919b7/3,175,21,"1:18-2:19"
https://courses.openedu.ru/courses/course-v1:ITMOUniversity+DATANTECH2035+summer_2022_1/courseware/a1cc086a5cf34dcaae06eb6f0ba39f4f/c7f80c840c03431f87b53c5029b02686/,283,48,"0:15-0:26, 3:30-6:09"
https://courses.openedu.ru/courses/course-v1:ITMOUniversity+DATANTECH2035+summer_2022_1/courseware/e0d796766693492face446db21392cbb/3bdc7624bc85442fb2c0d6ab883277e6/,113,13,"3:00-3:38"
https://courses.openedu.ru/courses/course-v1:ITMOUniversity+DATANTECH2035+summer_2022_1/courseware/a0cba4be6c4641b68e4b64eefa7c9b9b/8684cd0ad5f9412e9cfd495126aa2495/1,188,22,"2:30-5:40"
https://courses.openedu.ru/courses/course-v1:ITMOUniversity+DATANTECH2035+summer_2022_1/courseware/999ad798797b4a3a9623b8fee69b05b0/b025fc32653d4df89aefc0ce578ee48d/,362,54,"1:08-2:29"
https://courses.openedu.ru/courses/course-v1:ITMOUniversity+DATANTECH2035+summer_2022_1/courseware/a0cba4be6c4641b68e4b64eefa7c9b9b/ec576d6a97b040a3bd4d3b8df0f8fb18/,273,24,"8:35-9:14"
https://courses.openedu.ru/courses/course-v1:ITMOUniversity+DATANTECH2035+summer_2022_1/courseware/e0d796766693492face446db21392cbb/3bdc7624bc85442fb2c0d6ab883277e6/,150,13,"0:40-0:51, 1:45-2:27"
https://courses.openedu.ru/courses/course-v1:ITMOUniversity+DATANTECH2035+summer_2022_1/courseware/5967a352d9f4470ab988ac44f81e268d/4684cc57487a4f9ea4a2a0d7eef42655/,596,55,"2:55-4:24"
https://courses.openedu.ru/courses/course-v1:ITMOUniversity+DATANTECH2035+summer_2022_1/courseware/e0d796766693492face446db21392cbb/3bdc7624bc85442fb2c0d6ab883277e6/,150,18,"1:00-4:11"
https://courses.openedu.ru/courses/course-v1:ITMOUniversity+DATANTECH2035+summer_2022_1/courseware/f2d9d5651e64479b8aece0048a66db87/d0e62a6e6653488eb0f104346bb53507/,367,52,"4:25-5:25"
https://courses.openedu.ru/courses/course-v1:ITMOUniversity+DATANTECH2035+summer_2022_1/courseware/e0d796766693492face446db21392cbb/ef103cec2d9f4787857e0001559569a6/1,194,41,"0:02-0:17, 0:18-0:38, 1:15-2:23"
https://courses.openedu.ru/courses/course-v1:ITMOUniversity+DATANTECH2035+summer_2022_1/courseware/a0cba4be6c4641b68e4b64eefa7c9b9b/8684cd0ad5f9412e9cfd495126aa2495/,215,28,"3:50-4:04, 4:10-4:41"
https://courses.openedu.ru/courses/course-v1:ITMOUniversity+DATANTECH2035+summer_2022_1/courseware/81c17e483fbe41e697993ca413332e72/a0fdf7f36aab4847ab8f0381c27b333f/,92,14,"3:35-3:46"
https://courses.openedu.ru/courses/course-v1:ITMOUniversity+DATANTECH2035+summer_2022_1/courseware/5967a352d9f4470ab988ac44f81e268d/4684cc57487a4f9ea4a2a0d7eef42655/,330,51,"0:50-2:01, 2:02-3:52"
