target_name,target_url
https://courses.openedu.ru/courses/course-v1:ITMOUniversity+DATANTECH2035+summer_2022_1/jump_to/block-v1:ITMOUniversity+DATANTECH2035+summer_2022_1+type@vertical+block@c7755e52123648168456a9fbbe5bb9a0,
https://courses.openedu.ru/courses/course-v1:ITMOUniversity+DATANTECH2035+summer_2022_1/jump_to/block-v1:ITMOUniversity+DATANTECH2035+summer_2022_1+type@vertical+block@7c27f7ad4de3478dbde3bcd82450d90b,
https://courses.openedu.ru/assets/courseware/v1/541d1ccf75cf79189ad58b3404597d69/asset-v1:ITMOUniversity+DATANTECH2035+summer_2022_1+type@asset+block/task2_897149.csv,
https://courses.openedu.ru/courses/course-v1:ITMOUniversity+DATANTECH2035+summer_2022_1/jump_to/block-v1:ITMOUniversity+DATANTECH2035+summer_2022_1+type@vertical+block@a23a4645d3964d328047e047ff58887f,
https://courses.openedu.ru/courses/course-v1:ITMOUniversity+DATANTECH2035+summer_2022_1/jump_to/block-v1:ITMOUniversity+DATANTECH2035+summer_2022_1+type@vertical+block@80d91a39db8942789432dc3f6e74439f,
https://courses.openedu.ru/courses/course-v1:ITMOUniversity+DATANTECH2035+summer_2022_1/jump_to/block-v1:ITMOUniversity+DATANTECH2035+summer_2022_1+type@vertical+block@3f932434130b4629ac03768f0ceae4fe,
https://courses.openedu.ru/courses/course-v1:ITMOUniversity+DATANTECH2035+summer_2022_1/jump_to/block-v1:ITMOUniversity+DATANTECH2035+summer_2022_1+type@vertical+block@7e35991f428d46f3a9fde6d0f2e1b846,
https://courses.openedu.ru/assets/courseware/v1/110dd7d0bf7664b84735b23dd2e89c59/asset-v1:ITMOUniversity+DATANTECH2035+summer_2022_1+type@asset+block/AzureML_7.pdf,
https://courses.openedu.ru/asset-v1:ITMOUniversity+DATANTECH2035+summer_2022_1+type@asset+block/k-NN_Example.html,
https://courses.openedu.ru/courses/course-v1:ITMOUniversity+DATANTECH2035+summer_2022_1/jump_to/block-v1:ITMOUniversity+DATANTECH2035+summer_2022_1+type@vertical+block@deb85c93aeef448bb846ec1ef58cd525,
https://courses.openedu.ru/courses/course-v1:ITMOUniversity+DATANTECH2035+summer_2022_1/jump_to/block-v1:ITMOUniversity+DATANTECH2035+summer_2022_1+type@vertical+block@c3257cc300f04d83b52e93eafc30ff63,
https://courses.openedu.ru/courses/course-v1:ITMOUniversity+DATANTECH2035+summer_2022_1/jump_to/block-v1:ITMOUniversity+DATANTECH2035+summer_2022_1+type@vertical+block@3b23390765c4479c873bf094aa1d2cdf,
https://courses.openedu.ru/assets/courseware/v1/7a3350159ef96c14d462075d990c51ed/asset-v1:ITMOUniversity+DATANTECH2035+summer_2022_1+type@asset+block/task2_823876.csv,
https://courses.openedu.ru/assets/courseware/v1/d58b3e329396449b68988ebb7696518c/asset-v1:ITMOUniversity+DATANTECH2035+summer_2022_1+type@asset+block/CATS_DOGS_FOR_PREDICTION.csv,
https://courses.openedu.ru/courses/course-v1:ITMOUniversity+DATANTECH2035+summer_2022_1/course/#block-v1:ITMOUniversity+DATANTECH2035+summer_2022_1+type@sequential+block@7959e07c46ee440ba932a31906ed70de,
https://courses.openedu.ru/courses/course-v1:ITMOUniversity+DATANTECH2035+summer_2022_1/jump_to/block-v1:ITMOUniversity+DATANTECH2035+summer_2022_1+type@vertical+block@d7b090d638a34fbbad23e4639b6df807,
https://courses.openedu.ru/assets/courseware/v1/3dc23e88377eb5729d54221ced9f683b/asset-v1:ITMOUniversity+DATANTECH2035+summer_2022_1+type@asset+block/quiz_5_2_2_data.csv,
https://www.katacoda.com/enterprisedb/scenarios/pgadmin-sandbox,
https://courses.openedu.ru/courses/course-v1:ITMOUniversity+DATANTECH2035+summer_2022_1/jump_to/block-v1:ITMOUniversity+DATANTECH2035+summer_2022_1+type@vertical+block@23062b4c94924a9a91245f065b555026,
https://cdn.openedu.ru/EACAFQQ/ITMOUniversity+DATST+spring_2021_ITMO_bac+type@asset+block@%D0%A1%D1%83%D0%B1%D1%8A%D0%B5%D0%BA%D1%82%D1%8B%D0%A0%D0%A4_.csv,
https://courses.openedu.ru/courses/course-v1:ITMOUniversity+DATANTECH2035+summer_2022_1/jump_to/block-v1:ITMOUniversity+DATANTECH2035+summer_2022_1+type@vertical+block@66211db3024349129d70fb795efedd56,
https://courses.openedu.ru/courses/course-v1:ITMOUniversity+DATANTECH2035+summer_2022_1/jump_to/block-v1:ITMOUniversity+DATANTECH2035+summer_2022_1+type@vertical+block@e91d4f8dbf2e4ee997f7686cde2fc30c,
https://courses.openedu.ru/courses/course-v1:ITMOUniversity+DATANTECH2035+summer_2022_1/jump_to/block-v1:ITMOUniversity+DATANTECH2035+summer_2022_1+type@vertical+block@a9a469d929ee48ac95be33ec0cab6194,
https://courses.openedu.ru/assets/courseware/v1/0a7131ce8b58e98608fe91c806afa9c0/asset-v1:ITMOUniversity+DATANTECH2035+summer_2022_1+type@asset+block/_%D0%9E%D0%BF%D0%B8%D1%81%D0%B0%D0%BD%D0%B8%D0%B5_%D0%B1%D0%B0%D0%B7%D1%8B_STUDENTS.pdf,
http://colab.research.google.com/,
https://courses.openedu.ru/courses/course-v1:ITMOUniversity+DATANTECH2035+summer_2022_1/jump_to/block-v1:ITMOUniversity+DATANTECH2035+summer_2022_1+type@vertical+block@690017983bba4a31867dab9931a42547,
https://courses.openedu.ru/courses/course-v1:ITMOUniversity+DATANTECH2035+summer_2022_1/jump_to/block-v1:ITMOUniversity+DATANTECH2035+summer_2022_1+type@vertical+block@6449360d0e604349b0b42d9c74ffb2ff,
https://courses.openedu.ru/courses/course-v1:ITMOUniversity+DATANTECH2035+summer_2022_1/jump_to/block-v1:ITMOUniversity+DATANTECH2035+summer_2022_1+type@vertical+block@25c4492e21514edcb2a5452e2b203c34,
https://courses.openedu.ru/courses/course-v1:ITMOUniversity+DATANTECH2035+summer_2022_1/jump_to/block-v1:ITMOUniversity+DATANTECH2035+summer_2022_1+type@vertical+block@89e8e62d5c904961a37907d8e59d0719,
https://courses.openedu.ru/courses/course-v1:ITMOUniversity+DATANTECH2035+summer_2022_1/jump_to/block-v1:ITMOUniversity+DATANTECH2035+summer_2022_1+type@vertical+block@47e06a7809a247869d737776e7e7e8c4,
https://courses.openedu.ru/courses/course-v1:ITMOUniversity+DATANTECH2035+summer_2022_1/course/#block-v1:ITMOUniversity+DATANTECH2035+summer_2022_1+type@sequential+block@a069095d9ede4b8ea2d92ababd6e5a31,
https://colab.research.google.com/drive/1_tSIzXQVvh4axL4R5ZbjIRT59pk4KUZF?usp=sharing,
https://courses.openedu.ru/courses/course-v1:ITMOUniversity+DATANTECH2035+summer_2022_1/jump_to/block-v1:ITMOUniversity+DATANTECH2035+summer_2022_1+type@vertical+block@f71a038e183a42559d453f279ba148eb,
https://courses.openedu.ru/assets/courseware/v1/1f80190804f3018d269d83b08a0cb265/asset-v1:ITMOUniversity+DATANTECH2035+summer_2022_1+type@asset+block/task2_488373.csv,
https://courses.openedu.ru/assets/courseware/v1/a84bbe082e411f11506702f33932566b/asset-v1:ITMOUniversity+DATANTECH2035+summer_2022_1+type@asset+block/auto-mpg.csv,
https://courses.openedu.ru/assets/courseware/v1/11d4fce24280b6b98cfb5f7c18d73528/asset-v1:ITMOUniversity+DATANTECH2035+summer_2022_1+type@asset+block/Colab_instructions.pdf,
https://courses.openedu.ru/courses/course-v1:ITMOUniversity+DATANTECH2035+summer_2022_1/jump_to/block-v1:ITMOUniversity+DATANTECH2035+summer_2022_1+type@vertical+block@5bae006a4cba4df09092e142517b974a,
https://courses.openedu.ru/courses/course-v1:ITMOUniversity+DATANTECH2035+summer_2022_1/course/#block-v1:ITMOUniversity+DATANTECH2035+summer_2022_1+type@sequential+block@8799df5fc731471f91295f6cf18fa2e7,
https://courses.openedu.ru/assets/courseware/v1/0343fab8b92114621e42bb5507f83d40/asset-v1:ITMOUniversity+DATANTECH2035+summer_2022_1+type@asset+block/task1_4_8_990722.csv,
https://studio.openedu.ru/container/block-v1:ITMOUniversity+DATANTECH2035+summer_2022_1+type@vertical+block@916fdc4e3bc2460686b0d4606e09bc33,
https://courses.openedu.ru/courses/course-v1:ITMOUniversity+DATANTECH2035+summer_2022_1/jump_to/block-v1:ITMOUniversity+DATANTECH2035+summer_2022_1+type@vertical+block@43e608b1f0394928b287d23cb5e5707a,
https://courses.openedu.ru/assets/courseware/v1/3485634dc5fd4834c786b5a3cd5a9a03/asset-v1:ITMOUniversity+DATANTECH2035+summer_2022_1+type@asset+block/task5_447502.csv,
https://cdn.openedu.ru/EACAFQQ/ITMOUniversity+DATST+spring_2021_ITMO_bac+type@asset+block@%D0%A1%D1%83%D0%B1%D1%8A%D0%B5%D0%BA%D1%82%D1%8B%D0%A0%D0%A4.csv,
https://courses.openedu.ru/assets/courseware/v1/69bfe9a25244e3394ea671b08102efc9/asset-v1:ITMOUniversity+DATANTECH2035+summer_2022_1+type@asset+block/task5_876435.csv,
https://courses.openedu.ru/courses/course-v1:ITMOUniversity+DATANTECH2035+summer_2022_1/jump_to/block-v1:ITMOUniversity+DATANTECH2035+summer_2022_1+type@vertical+block@635f4bab0a7c478cad965896eabbc950,
https://courses.openedu.ru/courses/course-v1:ITMOUniversity+DATANTECH2035+summer_2022_1/course/#block-v1:ITMOUniversity+DATANTECH2035+summer_2022_1+type@sequential+block@ac6b1937ac934d73b2af5fe18b6f854d,
https://courses.openedu.ru/courses/course-v1:ITMOUniversity+DATANTECH2035+summer_2022_1/jump_to/block-v1:ITMOUniversity+DATANTECH2035+summer_2022_1+type@vertical+block@a7f6ef79f54248d6ac05771e27bc14b6,
https://courses.openedu.ru/courses/course-v1:ITMOUniversity+DATANTECH2035+summer_2022_1/course/#block-v1:ITMOUniversity+DATANTECH2035+summer_2022_1+type@sequential+block@64bc9d18c729445583f29013f3772398,
https://courses.openedu.ru/courses/course-v1:ITMOUniversity+DATANTECH2035+summer_2022_1/jump_to/block-v1:ITMOUniversity+DATANTECH2035+summer_2022_1+type@vertical+block@c82828c63e1f4550a3b1abb35dd207ac,
https://studio.openedu.ru/container/block-v1:ITMOUniversity+DATANTECH2035+summer_2022_1+type@vertical+block@b24ba52e2a734393813b7bdf9e5b88af,
https://courses.openedu.ru/assets/courseware/v1/d174389ff1f6a437e435c18dadff6c91/asset-v1:ITMOUniversity+DATANTECH2035+summer_2022_1+type@asset+block/task4_911479.csv,
https://courses.openedu.ru/courses/course-v1:ITMOUniversity+DATANTECH2035+summer_2022_1/jump_to/block-v1:ITMOUniversity+DATANTECH2035+summer_2022_1+type@vertical+block@f835ce316ba4414990facd7f0068087e,
https://courses.openedu.ru/assets/courseware/v1/24c183a8519006788ab67a806411d1e5/asset-v1:ITMOUniversity+DATANTECH2035+summer_2022_1+type@asset+block/Clustering_RE_Kmeans.ipynb,
https://courses.openedu.ru/courses/course-v1:ITMOUniversity+DATANTECH2035+summer_2022_1/jump_to/block-v1:ITMOUniversity+DATANTECH2035+summer_2022_1+type@vertical+block@5ddd1549b70d43fe929b2c6fee19496c,
https://courses.openedu.ru/courses/course-v1:ITMOUniversity+DATANTECH2035+summer_2022_1/course/#block-v1:ITMOUniversity+DATANTECH2035+summer_2022_1+type@chapter+block@b8f2ca7be6ba4412964f1b2803e33bc6,
https://courses.openedu.ru/assets/courseware/v1/01aacd19234335d959c9ac2f8a805759/asset-v1:ITMOUniversity+DATANTECH2035+summer_2022_1+type@asset+block/_norm_w4_diagramm_2.pdf,
https://courses.openedu.ru/courses/course-v1:ITMOUniversity+DATANTECH2035+summer_2022_1/jump_to/block-v1:ITMOUniversity+DATANTECH2035+summer_2022_1+type@vertical+block@98d1502e35214c8b9d1757c157a87857,
https://courses.openedu.ru/assets/courseware/v1/f55b0e155f307611a6e92ea2a5eb5546/asset-v1:ITMOUniversity+DATANTECH2035+summer_2022_1+type@asset+block/Not_Programming_students.ipynb,
https://courses.openedu.ru/courses/course-v1:ITMOUniversity+DATANTECH2035+summer_2022_1/jump_to/block-v1:ITMOUniversity+DATANTECH2035+summer_2022_1+type@vertical+block@af757ae2e8534e2bacd0a7428708b17a,
https://numpy.org/doc/stable/reference/generated/numpy.polyfit.html,
https://courses.openedu.ru/courses/course-v1:ITMOUniversity+DATANTECH2035+summer_2022_1/course/#block-v1:ITMOUniversity+DATANTECH2035+summer_2022_1+type@sequential+block@c49f95fd3a894f88bc971cfdf37da659,
https://courses.openedu.ru/courses/course-v1:ITMOUniversity+DATANTECH2035+summer_2022_1/jump_to/block-v1:ITMOUniversity+DATANTECH2035+summer_2022_1+type@vertical+block@9520b1dc32a244698581cc05dba4ea25,
https://courses.openedu.ru/courses/course-v1:ITMOUniversity+DATANTECH2035+summer_2022_1/jump_to/block-v1:ITMOUniversity+DATANTECH2035+summer_2022_1+type@vertical+block@4f308da2d7e84a2887a1271f5fd4378e,
https://courses.openedu.ru/courses/course-v1:ITMOUniversity+DATANTECH2035+summer_2022_1/jump_to/block-v1:ITMOUniversity+DATANTECH2035+summer_2022_1+type@vertical+block@4a688e2d2f194529879a711391ad235a,
https://studio.openedu.ru/container/block-v1:ITMOUniversity+DATANTECH2035+summer_2022_1+type@vertical+block@32ab61ecbdff48b79df08b7dc08cffca,
https://courses.openedu.ru/assets/courseware/v1/2d2ece7541dfe1bd15dc9f3ac486c2fe/asset-v1:ITMOUniversity+DATANTECH2035+summer_2022_1+type@asset+block/task5_355807.csv,
https://courses.openedu.ru/assets/courseware/v1/94add1c7f793ad48ef6370d33c032836/asset-v1:ITMOUniversity+DATANTECH2035+summer_2022_1+type@asset+block/var893234.xlsx,
https://courses.openedu.ru/asset-v1:ITMOUniversity+INTROML+fall_2020_ITMO+type@asset+block@AzureML_3.pdf,
https://courses.openedu.ru/courses/course-v1:ITMOUniversity+DATANTECH2035+summer_2022_1/jump_to/block-v1:ITMOUniversity+DATANTECH2035+summer_2022_1+type@vertical+block@32a54762fc124d209358cc5d1c8336bb,
https://sqliteonline.com/,
https://courses.openedu.ru/courses/course-v1:ITMOUniversity+DATANTECH2035+summer_2022_1/course/,
https://courses.openedu.ru/assets/courseware/v1/2c340cfd4449063585993c2a75328416/asset-v1:ITMOUniversity+DATANTECH2035+summer_2022_1+type@asset+block/task1_9_3_546190.csv,
https://courses.openedu.ru/courses/course-v1:ITMOUniversity+DATANTECH2035+summer_2022_1/jump_to/block-v1:ITMOUniversity+DATANTECH2035+summer_2022_1+type@vertical+block@462e1576d6a149dd99e4b4ab72658bbf,
https://courses.openedu.ru/assets/courseware/v1/84eff085e4c6f0ca6fead01507c77433/asset-v1:ITMOUniversity+DATANTECH2035+summer_2022_1+type@asset+block/task2_112737.csv,
https://courses.openedu.ru/courses/course-v1:ITMOUniversity+DATANTECH2035+summer_2022_1/course/#block-v1:ITMOUniversity+DATANTECH2035+summer_2022_1+type@chapter+block@f2d9d5651e64479b8aece0048a66db87,
https://courses.openedu.ru/courses/course-v1:ITMOUniversity+DATANTECH2035+summer_2022_1/jump_to/block-v1:ITMOUniversity+DATANTECH2035+summer_2022_1+type@vertical+block@f4acac41066945549e9b38782bfa9097,
https://courses.openedu.ru/courses/course-v1:ITMOUniversity+DATANTECH2035+summer_2022_1/jump_to/block-v1:ITMOUniversity+DATANTECH2035+summer_2022_1+type@vertical+block@c03e1c53f0744f5fb98c1b162745729b,
https://courses.openedu.ru/courses/course-v1:ITMOUniversity+DATANTECH2035+summer_2022_1/jump_to/block-v1:ITMOUniversity+DATANTECH2035+summer_2022_1+type@vertical+block@b4727386fcb947ec80aae853d9c2b0fd,
https://courses.openedu.ru/courses/course-v1:ITMOUniversity+DATANTECH2035+summer_2022_1/jump_to/block-v1:ITMOUniversity+DATANTECH2035+summer_2022_1+type@vertical+block@7b2ef6d884f947258160c8d99c6f2de3,
https://courses.openedu.ru/courses/course-v1:ITMOUniversity+DATANTECH2035+summer_2022_1/course/#block-v1:ITMOUniversity+DATANTECH2035+summer_2022_1+type@sequential+block@6d5c7518d2a249f1a6479ffefe788094,
https://courses.openedu.ru/courses/course-v1:ITMOUniversity+DATANTECH2035+summer_2022_1/jump_to/block-v1:ITMOUniversity+DATANTECH2035+summer_2022_1+type@vertical+block@63f178ec165f4e858a91978a785054fc,
https://courses.openedu.ru/courses/course-v1:ITMOUniversity+DATANTECH2035+summer_2022_1/course/#block-v1:ITMOUniversity+DATANTECH2035+summer_2022_1+type@sequential+block@9e6c016f23e140de94d55f5537790e7e,
https://courses.openedu.ru/courses/course-v1:ITMOUniversity+DATANTECH2035+summer_2022_1/jump_to/block-v1:ITMOUniversity+DATANTECH2035+summer_2022_1+type@vertical+block@c6a8b5369d6e44debd18fcc1d8b594a0,
https://studio.azureml.net/#,
https://courses.openedu.ru/courses/course-v1:ITMOUniversity+DATANTECH2035+summer_2022_1/jump_to/block-v1:ITMOUniversity+DATANTECH2035+summer_2022_1+type@vertical+block@7c70cc18c22845e19b978fda881bd099,
https://colab.research.google.com/drive/1o4vqTHoDVg4fW3nYfrIbFBMP2IdzLfUo?usp=sharing,
https://courses.openedu.ru/assets/courseware/v1/c8f3e99cf88c0643abc7ab918beded9c/asset-v1:ITMOUniversity+DATANTECH2035+summer_2022_1+type@asset+block/test_task.zip,
https://courses.openedu.ru/courses/course-v1:ITMOUniversity+DATANTECH2035+summer_2022_1/jump_to/block-v1:ITMOUniversity+DATANTECH2035+summer_2022_1+type@vertical+block@0ed5002b24624a77be82105f8fbf1d1d,
https://courses.openedu.ru/courses/course-v1:ITMOUniversity+DATANTECH2035+summer_2022_1/course/#block-v1:ITMOUniversity+DATANTECH2035+summer_2022_1+type@sequential+block@33096dc4c8d64d46937f3abe7a6bb0bc,
https://courses.openedu.ru/courses/course-v1:ITMOUniversity+DATANTECH2035+summer_2022_1/course/#block-v1:ITMOUniversity+DATANTECH2035+summer_2022_1+type@chapter+block@a2a413c671134a989bbed1781c030756,
https://courses.openedu.ru/courses/course-v1:ITMOUniversity+DATANTECH2035+summer_2022_1/jump_to/block-v1:ITMOUniversity+DATANTECH2035+summer_2022_1+type@vertical+block@ae2e721c731444198a3b05dc101a35a3,
https://courses.openedu.ru/courses/course-v1:ITMOUniversity+DATANTECH2035+summer_2022_1/jump_to/block-v1:ITMOUniversity+DATANTECH2035+summer_2022_1+type@vertical+block@5f7af207e3a3460fa3f752cfa595246f,
https://courses.openedu.ru/assets/courseware/v1/ffb9de5dd5f03d87e2d060d1c29d2af2/asset-v1:ITMOUniversity+DATANTECH2035+summer_2022_1+type@asset+block/var732742.xlsx,
https://courses.openedu.ru/assets/courseware/v1/017f12c636e898900494e6b2ce417e31/asset-v1:ITMOUniversity+DATANTECH2035+summer_2022_1+type@asset+block/task1_2_7_790148.csv,
https://courses.openedu.ru/courses/course-v1:ITMOUniversity+DATANTECH2035+summer_2022_1/jump_to/block-v1:ITMOUniversity+DATANTECH2035+summer_2022_1+type@vertical+block@a0dfb345e3fa418287d6be07d8f36b5a,
https://courses.openedu.ru/courses/course-v1:ITMOUniversity+DATANTECH2035+summer_2022_1/jump_to/block-v1:ITMOUniversity+DATANTECH2035+summer_2022_1+type@vertical+block@f43b5ad12c024157a7612906df7ce065,
https://courses.openedu.ru/assets/courseware/v1/b7b510cbbd683234edcbf596b0439581/asset-v1:ITMOUniversity+DATANTECH2035+summer_2022_1+type@asset+block/task4_496273.csv,
http://npoed.ru/about,
https://courses.openedu.ru/courses/course-v1:ITMOUniversity+DATANTECH2035+summer_2022_1/jump_to/block-v1:ITMOUniversity+DATANTECH2035+summer_2022_1+type@vertical+block@04b820a78ce8402c8fc9798347d05a74,
https://courses.openedu.ru/courses/course-v1:ITMOUniversity+DATANTECH2035+summer_2022_1/jump_to/block-v1:ITMOUniversity+DATANTECH2035+summer_2022_1+type@vertical+block@113b0a08a7c9457597468fe5de2d0dfe,
https://courses.openedu.ru/courses/course-v1:ITMOUniversity+DATANTECH2035+summer_2022_1/jump_to/block-v1:ITMOUniversity+DATANTECH2035+summer_2022_1+type@vertical+block@6af662d711c3493f96e097aaf5fc450d,
https://courses.openedu.ru/assets/courseware/v1/29f38a365516ea22e276e19e8b90b66f/asset-v1:ITMOUniversity+DATANTECH2035+summer_2022_1+type@asset+block/Instruction_ORACLE.pdf,
https://courses.openedu.ru/courses/course-v1:ITMOUniversity+DATANTECH2035+summer_2022_1/jump_to/block-v1:ITMOUniversity+DATANTECH2035+summer_2022_1+type@vertical+block@5c3afe2798d54033a8d0e49a11d36d6e,
https://courses.openedu.ru/courses/course-v1:ITMOUniversity+DATANTECH2035+summer_2022_1/jump_to/block-v1:ITMOUniversity+DATANTECH2035+summer_2022_1+type@vertical+block@4f9e1d6f76c140018e5d1424295ac03b,
https://courses.openedu.ru/assets/courseware/v1/8de9c8978fce63150e47f8ed920a2e73/asset-v1:ITMOUniversity+DATANTECH2035+summer_2022_1+type@asset+block/AzureML_kNN.pdf,
https://courses.openedu.ru/courses/course-v1:ITMOUniversity+DATANTECH2035+summer_2022_1/course/#block-v1:ITMOUniversity+DATANTECH2035+summer_2022_1+type@sequential+block@403fc3ffa3ec4b1fa0b28151f302e369,
https://courses.openedu.ru/courses/course-v1:ITMOUniversity+DATANTECH2035+summer_2022_1/jump_to/block-v1:ITMOUniversity+DATANTECH2035+summer_2022_1+type@vertical+block@0a728c23921a446fafb3584d77a1631b,
https://courses.openedu.ru/assets/courseware/v1/fa66db3a0dfe6a91c488935a6d776294/asset-v1:ITMOUniversity+DATANTECH2035+summer_2022_1+type@asset+block/CATS_DOGS.csv,
http://console.neo4j.org/,
https://courses.openedu.ru/assets/courseware/v1/29f38a365516ea22e276e19e8b90b66f/asset-v1:ITMOUniversity+DATANTECH2035+summer_2022_1+type@asset+block/%D0%98%D0%BD%D1%81%D1%82%D1%80%D1%83%D0%BA%D1%86%D0%B8%D1%8F_%D0%BF%D0%BE_%D1%80%D0%B0%D0%B1%D0%BE%D1%82%D0%B5_%D1%81_ORACLE_APEX.pdf,
https://courses.openedu.ru/assets/courseware/v1/eb551a16e65f63c4c2b032b6a312e121/asset-v1:ITMOUniversity+DATANTECH2035+summer_2022_1+type@asset+block/task2_138197.csv,
https://courses.openedu.ru/courses/course-v1:ITMOUniversity+DATANTECH2035+summer_2022_1/jump_to/block-v1:ITMOUniversity+DATANTECH2035+summer_2022_1+type@vertical+block@672f732716b94827aa7fe9c0341f8b24,
https://studio.openedu.ru/container/block-v1:ITMOUniversity+DATANTECH2035+summer_2022_1+type@vertical+block@d86df5148b7d45d8a40f324a6fc6a6e8,
https://online.ifmo.ru/cassandra/,
https://courses.openedu.ru/courses/course-v1:ITMOUniversity+DATANTECH2035+summer_2022_1/jump_to/block-v1:ITMOUniversity+DATANTECH2035+summer_2022_1+type@vertical+block@76981f6841ab4fd791f69a2718bd8025,
https://courses.openedu.ru/courses/course-v1:ITMOUniversity+DATANTECH2035+summer_2022_1/jump_to/block-v1:ITMOUniversity+DATANTECH2035+summer_2022_1+type@vertical+block@9ca9b1d80dcd41598cf5f443a98eafa2,
https://courses.openedu.ru/courses/course-v1:ITMOUniversity+DATANTECH2035+summer_2022_1/jump_to/block-v1:ITMOUniversity+DATANTECH2035+summer_2022_1+type@vertical+block@77b5c46c92a544908122845f07563e1f,
https://courses.openedu.ru/courses/course-v1:ITMOUniversity+DATANTECH2035+summer_2022_1/course/#block-v1:ITMOUniversity+DATANTECH2035+summer_2022_1+type@chapter+block@45ae60bd04f943a79d72a71be089dfc0,
https://courses.openedu.ru/courses/course-v1:ITMOUniversity+DATANTECH2035+summer_2022_1/jump_to/block-v1:ITMOUniversity+DATANTECH2035+summer_2022_1+type@vertical+block@c463a6a5f81e453ba5defa543240e2e5,
https://courses.openedu.ru/courses/course-v1:ITMOUniversity+DATANTECH2035+summer_2022_1/jump_to/block-v1:ITMOUniversity+DATANTECH2035+summer_2022_1+type@vertical+block@0bb1a2b5c08e4eae89f9cbce206c26e4,
https://courses.openedu.ru/courses/course-v1:ITMOUniversity+DATANTECH2035+summer_2022_1/jump_to/block-v1:ITMOUniversity+DATANTECH2035+summer_2022_1+type@vertical+block@706d9b00ef104fbd8bce84ea8d3fad04,
https://courses.openedu.ru/courses/course-v1:ITMOUniversity+DATANTECH2035+summer_2022_1/jump_to/block-v1:ITMOUniversity+DATANTECH2035+summer_2022_1+type@vertical+block@5f69307313274b4fa5677397029dd3ad,
https://courses.openedu.ru/courses/course-v1:ITMOUniversity+DATANTECH2035+summer_2022_1/jump_to/block-v1:ITMOUniversity+DATANTECH2035+summer_2022_1+type@vertical+block@14d733534fd04d4180a66a11f329e0b9,
https://courses.openedu.ru/assets/courseware/v1/ef983c43f1bfb9c7300deb7bd473c589/asset-v1:ITMOUniversity+DATANTECH2035+summer_2022_1+type@asset+block/Japanese_candles.pdf,
https://courses.openedu.ru/assets/courseware/v1/c60f72245651452ca3cc23728f210208/asset-v1:ITMOUniversity+DATANTECH2035+summer_2022_1+type@asset+block/18.jpg,
https://courses.openedu.ru/asset-v1:ITMOUniversity+INTROML+fall_2019_ITMO+type@asset+block@AzureML_5.pdf,
https://courses.openedu.ru/courses/course-v1:ITMOUniversity+DATANTECH2035+summer_2022_1/jump_to/block-v1:ITMOUniversity+DATANTECH2035+summer_2022_1+type@vertical+block@217dc126b87e4574950bb7be1f45b972,
https://courses.openedu.ru/assets/courseware/v1/d53b0f8b959d03cc84a992f6070cabc6/asset-v1:ITMOUniversity+DATANTECH2035+summer_2022_1+type@asset+block/candy-test.csv,
https://courses.openedu.ru/courses/course-v1:ITMOUniversity+DATANTECH2035+summer_2022_1/course/#block-v1:ITMOUniversity+DATANTECH2035+summer_2022_1+type@sequential+block@49a4ad64116149e3802ccab9b335e2a6,
https://courses.openedu.ru/assets/courseware/v1/3bad9b4ec2546301dcb9fa5a87acda22/asset-v1:ITMOUniversity+DATANTECH2035+summer_2022_1+type@asset+block/_%D0%9E%D0%BF%D0%B8%D1%81%D0%B0%D0%BD%D0%B8%D0%B5_%D0%B1%D0%B0%D0%B7%D1%8B_STUDENTS_%D0%B4%D0%BB%D1%8F_PostgreSQL.pdf,
https://courses.openedu.ru/assets/courseware/v1/0250a3ac0662a30334adeecfec0a44c6/asset-v1:ITMOUniversity+DATANTECH2035+summer_2022_1+type@asset+block/AzureML__1.pdf,
https://courses.openedu.ru/courses/course-v1:ITMOUniversity+DATANTECH2035+summer_2022_1/jump_to/block-v1:ITMOUniversity+DATANTECH2035+summer_2022_1+type@vertical+block@6c0fd8b688984017a2d380e1775f305c,
https://studio.openedu.ru/assets/courseware/v1/60b851be72d8a5152d64840619a5b540/asset-v1:ITMOUniversity+DATAN+fall_2021_ITMO+type@asset+block/%D0%9A%D0%B0%D0%BA_%D0%BE%D1%82%D0%BA%D1%80%D1%8B%D1%82%D1%8C_CSV_%D1%84%D0%B0%D0%B9%D0%BB.pdf,
https://cdn.openedu.ru/ESZCBLZ/courseware/v1/f0e1f126da6ade7658b7760133a11359/asset-v1:ITMOUniversity+BIGDATA2035+cifru_2035+type@asset+block/simple_SQL_workshops.pdf,
https://courses.openedu.ru/courses/course-v1:ITMOUniversity+DATANTECH2035+summer_2022_1/jump_to/block-v1:ITMOUniversity+DATANTECH2035+summer_2022_1+type@vertical+block@855a2d925c9b492ea3becb893a22c346,
https://courses.openedu.ru/assets/courseware/v1/56e6a86e4d025ce9847e52b375f8ac6b/asset-v1:ITMOUniversity+DATANTECH2035+summer_2022_1+type@asset+block/task4_372666.csv,
https://courses.openedu.ru/asset-v1:ITMOUniversity+DATANTECH2035+summer_2022_1+type@asset+block/Stacking.html,
https://courses.openedu.ru/courses/course-v1:ITMOUniversity+DATANTECH2035+summer_2022_1/course/#block-v1:ITMOUniversity+DATANTECH2035+summer_2022_1+type@chapter+block@999ad798797b4a3a9623b8fee69b05b0,
https://courses.openedu.ru/courses/course-v1:ITMOUniversity+DATANTECH2035+summer_2022_1/jump_to/block-v1:ITMOUniversity+DATANTECH2035+summer_2022_1+type@vertical+block@e7d00b8058a44abfb572caa7fb342d64,
https://courses.openedu.ru/courses/course-v1:ITMOUniversity+DATANTECH2035+summer_2022_1/jump_to/block-v1:ITMOUniversity+DATANTECH2035+summer_2022_1+type@vertical+block@cc419cdd15ce4cc0b5c88eb4df0d1498,
https://courses.openedu.ru/courses/course-v1:ITMOUniversity+DATANTECH2035+summer_2022_1/jump_to/block-v1:ITMOUniversity+DATANTECH2035+summer_2022_1+type@vertical+block@97e02281f93944958aaae6d0b29ee3c5,
https://courses.openedu.ru/courses/course-v1:ITMOUniversity+DATANTECH2035+summer_2022_1/jump_to/block-v1:ITMOUniversity+DATANTECH2035+summer_2022_1+type@vertical+block@66e80dea162248adbc8ae4f3ce927ee1,
https://courses.openedu.ru/courses/course-v1:ITMOUniversity+DATANTECH2035+summer_2022_1/jump_to/block-v1:ITMOUniversity+DATANTECH2035+summer_2022_1+type@vertical+block@7a862b1cc7c446ada82743889086540e,
https://courses.openedu.ru/courses/course-v1:ITMOUniversity+DATANTECH2035+summer_2022_1/jump_to/block-v1:ITMOUniversity+DATANTECH2035+summer_2022_1+type@vertical+block@d6e6401375c445ef9784fc86630ff7b7,
https://courses.openedu.ru/courses/course-v1:ITMOUniversity+DATANTECH2035+summer_2022_1/jump_to/block-v1:ITMOUniversity+DATANTECH2035+summer_2022_1+type@vertical+block@2e3a08f6b2df443086aa797c0cbfc4da,
https://courses.openedu.ru/courses/course-v1:ITMOUniversity+DATANTECH2035+summer_2022_1/course/#block-v1:ITMOUniversity+DATANTECH2035+summer_2022_1+type@chapter+block@e71eb50ddf6e4f759a76f6c13441ede9,
https://courses.openedu.ru/courses/course-v1:ITMOUniversity+DATANTECH2035+summer_2022_1/course/#block-v1:ITMOUniversity+DATANTECH2035+summer_2022_1+type@chapter+block@16463d231909400498b55f1e27ff9fa9,
https://courses.openedu.ru/courses/course-v1:ITMOUniversity+DATANTECH2035+summer_2022_1/jump_to/block-v1:ITMOUniversity+DATANTECH2035+summer_2022_1+type@vertical+block@f5c322f29fa94040a8a0d3b880653f18,
https://courses.openedu.ru/courses/course-v1:ITMOUniversity+DATANTECH2035+summer_2022_1/jump_to/block-v1:ITMOUniversity+DATANTECH2035+summer_2022_1+type@vertical+block@1c25324b0b9849a0bca265e0b926d7d3,
https://courses.openedu.ru/assets/courseware/v1/fac5a42c680dd834a769e747095b07c9/asset-v1:ITMOUniversity+DATANTECH2035+summer_2022_1+type@asset+block/AzureML_8.pdf,
https://courses.openedu.ru/courses/course-v1:ITMOUniversity+DATANTECH2035+summer_2022_1/jump_to/block-v1:ITMOUniversity+DATANTECH2035+summer_2022_1+type@vertical+block@9301dac8c12348948186925ce24f20cb,
https://courses.openedu.ru/courses/course-v1:ITMOUniversity+DATANTECH2035+summer_2022_1/jump_to/block-v1:ITMOUniversity+DATANTECH2035+summer_2022_1+type@course+block@course,
https://courses.openedu.ru/courses/course-v1:ITMOUniversity+DATANTECH2035+summer_2022_1/course/#block-v1:ITMOUniversity+DATANTECH2035+summer_2022_1+type@sequential+block@3e9b4d8b02ef461aab3fe79a82f954bf,
https://courses.openedu.ru/courses/course-v1:ITMOUniversity+DATANTECH2035+summer_2022_1/jump_to/block-v1:ITMOUniversity+DATANTECH2035+summer_2022_1+type@vertical+block@57f3b681ae2c464684465532565ad6f0,
https://courses.openedu.ru/courses/course-v1:ITMOUniversity+DATANTECH2035+summer_2022_1/jump_to/block-v1:ITMOUniversity+DATANTECH2035+summer_2022_1+type@vertical+block@916fdc4e3bc2460686b0d4606e09bc33,
https://courses.openedu.ru/assets/courseware/v1/60a0a66364d9209239ab650df183dfc7/asset-v1:ITMOUniversity+DATANTECH2035+summer_2022_1+type@asset+block/k-NN_Example.ipynb,
https://courses.openedu.ru/courses/course-v1:ITMOUniversity+DATANTECH2035+summer_2022_1/course/#block-v1:ITMOUniversity+DATANTECH2035+summer_2022_1+type@sequential+block@e21a44f250d247b0b84006f4a81a1b16,
https://courses.openedu.ru/courses/course-v1:ITMOUniversity+DATANTECH2035+summer_2022_1/jump_to/block-v1:ITMOUniversity+DATANTECH2035+summer_2022_1+type@vertical+block@5ca1c1f307e746a29df1d8a609b40a59,
https://courses.openedu.ru/courses/course-v1:ITMOUniversity+DATANTECH2035+summer_2022_1/jump_to/block-v1:ITMOUniversity+DATANTECH2035+summer_2022_1+type@vertical+block@6fee8b0a9b394140a533d2bd728dce72,
https://courses.openedu.ru/courses/course-v1:ITMOUniversity+DATANTECH2035+summer_2022_1/jump_to/block-v1:ITMOUniversity+DATANTECH2035+summer_2022_1+type@vertical+block@c38d77fb124a49e6aaca1783f792c57c,
https://courses.openedu.ru/courses/course-v1:ITMOUniversity+DATANTECH2035+summer_2022_1/course/#block-v1:ITMOUniversity+DATANTECH2035+summer_2022_1+type@chapter+block@cbf1ecb85bf7450fb4ec716fe59f0f03,
https://courses.openedu.ru/assets/courseware/v1/f1319c52415cc8f76d4222a8c242624f/asset-v1:ITMOUniversity+DATANTECH2035+summer_2022_1+type@asset+block/height-weight_metric.csv,
https://courses.openedu.ru/courses/course-v1:ITMOUniversity+DATANTECH2035+summer_2022_1/jump_to/block-v1:ITMOUniversity+DATANTECH2035+summer_2022_1+type@vertical+block@183162e06cf84a27bfe5e59499f70db0,
https://courses.openedu.ru/courses/course-v1:ITMOUniversity+DATANTECH2035+summer_2022_1/jump_to/block-v1:ITMOUniversity+DATANTECH2035+summer_2022_1+type@vertical+block@e92067477e3f4a799203310a0696cbfb,
https://courses.openedu.ru/assets/courseware/v1/824fccdb3e15cab129049a536ece5500/asset-v1:ITMOUniversity+DATANTECH2035+summer_2022_1+type@asset+block/SPFB.RTS-12.18_180901_181231.csv,
https://courses.openedu.ru/courses/course-v1:ITMOUniversity+DATANTECH2035+summer_2022_1/jump_to/block-v1:ITMOUniversity+DATANTECH2035+summer_2022_1+type@vertical+block@d4e9f3e418f544b88cccddfdd32bf164,
https://courses.openedu.ru/assets/courseware/v1/08232053cac3b580e451d0269b0e0073/asset-v1:ITMOUniversity+DATANTECH2035+summer_2022_1+type@asset+block/SVM.ipynb,
https://courses.openedu.ru/courses/course-v1:ITMOUniversity+DATANTECH2035+summer_2022_1/jump_to/block-v1:ITMOUniversity+DATANTECH2035+summer_2022_1+type@vertical+block@1b00631f094f432dade4844a59fc8e50,
https://courses.openedu.ru/assets/courseware/v1/da0ef257607ed269979e3162fca79ca2/asset-v1:ITMOUniversity+DATANTECH2035+summer_2022_1+type@asset+block/task4_720376.csv,
https://courses.openedu.ru/courses/course-v1:ITMOUniversity+DATANTECH2035+summer_2022_1/course/#block-v1:ITMOUniversity+DATANTECH2035+summer_2022_1+type@sequential+block@c7f80c840c03431f87b53c5029b02686,
https://courses.openedu.ru/courses/course-v1:ITMOUniversity+DATANTECH2035+summer_2022_1/jump_to/block-v1:ITMOUniversity+DATANTECH2035+summer_2022_1+type@vertical+block@25c27af6870f4d65a29a27259026caae,
https://courses.openedu.ru/courses/course-v1:ITMOUniversity+DATANTECH2035+summer_2022_1/course/#block-v1:ITMOUniversity+DATANTECH2035+summer_2022_1+type@chapter+block@1f04e176f3ab4e57aa8279610f03fc06,
https://courses.openedu.ru/assets/courseware/v1/736b2ddc06a326b590406e82478f3c60/asset-v1:ITMOUniversity+DATANTECH2035+summer_2022_1+type@asset+block/task1_9_5_721883.csv,
https://courses.openedu.ru/courses/course-v1:ITMOUniversity+DATANTECH2035+summer_2022_1/course/#block-v1:ITMOUniversity+DATANTECH2035+summer_2022_1+type@sequential+block@d04fd67002d54f71a4e63afa30d443ed,
https://courses.openedu.ru/assets/courseware/v1/33c2c752992a8d1e53f89170c74c5c2a/asset-v1:ITMOUniversity+DATANTECH2035+summer_2022_1+type@asset+block/task4_190192.csv,
https://courses.openedu.ru/assets/courseware/v1/9f6a499b1309646ef3a646f210c5e8a0/asset-v1:ITMOUniversity+DATANTECH2035+summer_2022_1+type@asset+block/task4_576845.csv,
https://studio.openedu.ru/container/block-v1:ITMOUniversity+DATANTECH2035+summer_2022_1+type@vertical+block@0bb1a2b5c08e4eae89f9cbce206c26e4,
https://courses.openedu.ru/asset-v1:ITMOUniversity+DATANFST2035+cifru_2035+type@asset+block@Python_7.ipynb,
https://courses.openedu.ru/assets/courseware/v1/634abdd2ff17f9074d67dbc9435c5374/asset-v1:ITMOUniversity+DATANTECH2035+summer_2022_1+type@asset+block/Data_for_exercise_3_task_2.csv,
https://courses.openedu.ru/courses/course-v1:ITMOUniversity+DATANTECH2035+summer_2022_1/jump_to/block-v1:ITMOUniversity+DATANTECH2035+summer_2022_1+type@vertical+block@3918ed7731f64c708eb3c2e6ea858997,
https://courses.openedu.ru/courses/course-v1:ITMOUniversity+DATANTECH2035+summer_2022_1/jump_to/block-v1:ITMOUniversity+DATANTECH2035+summer_2022_1+type@vertical+block@a87dd142a5ee490289cfb7f3007bbfa4,
https://support.google.com/docs/answer/10307761?hl=ru,
https://courses.openedu.ru/courses/course-v1:ITMOUniversity+DATANTECH2035+summer_2022_1/jump_to/block-v1:ITMOUniversity+DATANTECH2035+summer_2022_1+type@vertical+block@250556c3278b4ed1964bcd6a7263517b,
https://courses.openedu.ru/courses/course-v1:ITMOUniversity+DATANTECH2035+summer_2022_1/jump_to/block-v1:ITMOUniversity+DATANTECH2035+summer_2022_1+type@vertical+block@339fdfaee5e0494ab82c0e3fdc370791,
https://courses.openedu.ru/courses/course-v1:ITMOUniversity+DATANTECH2035+summer_2022_1/course/#block-v1:ITMOUniversity+DATANTECH2035+summer_2022_1+type@chapter+block@cff236d4fb7c43e98ac5bf4aa7ded990,
https://pandas.pydata.org/docs/reference/api/pandas.DataFrame.ewm.html,
https://courses.openedu.ru/courses/course-v1:ITMOUniversity+DATANTECH2035+summer_2022_1/jump_to/block-v1:ITMOUniversity+DATANTECH2035+summer_2022_1+type@vertical+block@5caa0f96b8ce4aad95bd78211b44facd,
https://courses.openedu.ru/courses/course-v1:ITMOUniversity+DATANTECH2035+summer_2022_1/jump_to/block-v1:ITMOUniversity+DATANTECH2035+summer_2022_1+type@vertical+block@2539b8abdf5b42cd93cfca13c0ad25d3,
https://courses.openedu.ru/courses/course-v1:ITMOUniversity+DATANTECH2035+summer_2022_1/jump_to/block-v1:ITMOUniversity+DATANTECH2035+summer_2022_1+type@vertical+block@bcb61d0357974367843deba788049f9b,
https://courses.openedu.ru/courses/course-v1:ITMOUniversity+DATANTECH2035+summer_2022_1/pdfbook/0/,
https://courses.openedu.ru/assets/courseware/v1/a80d63dbbd600f4c6621c911a5bb7305/asset-v1:ITMOUniversity+DATANTECH2035+summer_2022_1+type@asset+block/mumps.csv,
https://courses.openedu.ru/courses/course-v1:ITMOUniversity+DATANTECH2035+summer_2022_1/jump_to/block-v1:ITMOUniversity+DATANTECH2035+summer_2022_1+type@vertical+block@197d9b7ac7444ef6a1605f923a040235,
https://courses.openedu.ru/assets/courseware/v1/e7c594ef0b3786852f7d7df5a0151ee0/asset-v1:ITMOUniversity+DATANTECH2035+summer_2022_1+type@asset+block/SQLite_instruction.pdf,
https://courses.openedu.ru/courses/course-v1:ITMOUniversity+DATANTECH2035+summer_2022_1/jump_to/block-v1:ITMOUniversity+DATANTECH2035+summer_2022_1+type@vertical+block@a292985d1f284477a43f4144b81f3094,
https://courses.openedu.ru/courses/course-v1:ITMOUniversity+DATANTECH2035+summer_2022_1/course/#block-v1:ITMOUniversity+DATANTECH2035+summer_2022_1+type@chapter+block@b3c2a3cc716b434397c089c31fafeddc,
https://courses.openedu.ru/assets/courseware/v1/a61c404ca0a74b8e44d86512fe0a97ce/asset-v1:ITMOUniversity+DATANTECH2035+summer_2022_1+type@asset+block/task1_9_6_595630.csv,
https://courses.openedu.ru/assets/courseware/v1/40d6f81804ecb0838233b4ec52efc7ea/asset-v1:ITMOUniversity+DATANTECH2035+summer_2022_1+type@asset+block/task1_5_6_371052.csv,
https://courses.openedu.ru/courses/course-v1:ITMOUniversity+DATANTECH2035+summer_2022_1/jump_to/block-v1:ITMOUniversity+DATANTECH2035+summer_2022_1+type@vertical+block@b979543c25d84c97b36d2c4dac0d1899,
https://courses.openedu.ru/courses/course-v1:ITMOUniversity+DATANTECH2035+summer_2022_1/course/#block-v1:ITMOUniversity+DATANTECH2035+summer_2022_1+type@sequential+block@01e4e7833f2746faa6ad2d5d2ab4f9b4,
https://courses.openedu.ru/courses/course-v1:ITMOUniversity+DATANTECH2035+summer_2022_1/jump_to/block-v1:ITMOUniversity+DATANTECH2035+summer_2022_1+type@vertical+block@2dfb91de88204e0b9d695020a8c784aa,
https://courses.openedu.ru/courses/course-v1:ITMOUniversity+DATANTECH2035+summer_2022_1/course/#block-v1:ITMOUniversity+DATANTECH2035+summer_2022_1+type@sequential+block@9480a56a077c4a759c5965e77170d99f,
https://courses.openedu.ru/courses/course-v1:ITMOUniversity+DATANTECH2035+summer_2022_1/course/#block-v1:ITMOUniversity+DATANTECH2035+summer_2022_1+type@sequential+block@29a8dd81360e4cd9aef9fd31c5f6ec29,
https://courses.openedu.ru/assets/courseware/v1/70f874900d8d9b081a510142d2025b1e/asset-v1:ITMOUniversity+DATANTECH2035+summer_2022_1+type@asset+block/var123124.xlsx,
https://studio.openedu.ru/container/block-v1:ITMOUniversity+DATANTECH2035+summer_2022_1+type@vertical+block@f234e948b18d492b8af000a9cc4c9555,
https://courses.openedu.ru/asset-v1:ITMOUniversity+INTROML+fall_2019_ITMO+type@asset+block@Lec_2_LinearRegression.html,
https://courses.openedu.ru/courses/course-v1:ITMOUniversity+DATANTECH2035+summer_2022_1/jump_to/block-v1:ITMOUniversity+DATANTECH2035+summer_2022_1+type@vertical+block@ef20bb4077ab4914810e792b3e30c9c9,
https://courses.openedu.ru/assets/courseware/v1/60cdb92c850cf593e534726a2f41d77d/asset-v1:ITMOUniversity+DATANTECH2035+summer_2022_1+type@asset+block/%D0%A1%D0%BF%D0%B8%D1%81%D0%BE%D0%BA_%D0%BF%D0%BE%D0%BB%D0%B5%D0%B7%D0%BD%D1%8B%D1%85_%D0%BA%D0%BE%D0%BC%D0%B0%D0%BD%D0%B4_%D0%B8_%D1%84%D1%83%D0%BD%D0%BA%D1%86%D0%B8%D0%B9_%D0%B2_MS_Excel_%D0%B8_Google_Sheets.pdf,
https://courses.openedu.ru/assets/courseware/v1/1e404d7d4a26514a8b271f504c47a237/asset-v1:ITMOUniversity+DATANTECH2035+summer_2022_1+type@asset+block/13_36.csv,
https://courses.openedu.ru/courses/course-v1:ITMOUniversity+DATANTECH2035+summer_2022_1/jump_to/block-v1:ITMOUniversity+DATANTECH2035+summer_2022_1+type@vertical+block@fb05b8c22e53429398de36c0a0f2dd6c,
https://courses.openedu.ru/courses/course-v1:ITMOUniversity+DATANTECH2035+summer_2022_1/jump_to/block-v1:ITMOUniversity+DATANTECH2035+summer_2022_1+type@vertical+block@9174759210534e8982cc6246f5c43d32,
https://online.ifmo.ru/pgadmin4/browser/,
https://courses.openedu.ru/courses/course-v1:ITMOUniversity+DATANTECH2035+summer_2022_1/jump_to/block-v1:ITMOUniversity+DATANTECH2035+summer_2022_1+type@vertical+block@b24ba52e2a734393813b7bdf9e5b88af,
https://courses.openedu.ru/assets/courseware/v1/f2906818eda8fcfc8f8416557ab1e6df/asset-v1:ITMOUniversity+DATANTECH2035+summer_2022_1+type@asset+block/diabetes.csv,
https://courses.openedu.ru/courses/course-v1:ITMOUniversity+DATANTECH2035+summer_2022_1/progress,
https://courses.openedu.ru/courses/course-v1:ITMOUniversity+DATANTECH2035+summer_2022_1/jump_to/block-v1:ITMOUniversity+DATANTECH2035+summer_2022_1+type@vertical+block@ef0db220e1f54ff3be28a0e89b089159,
https://courses.openedu.ru/assets/courseware/v1/706b81fe913dcb284b30a71b5d442a93/asset-v1:ITMOUniversity+DATANTECH2035+summer_2022_1+type@asset+block/Python_1.ipynb,
https://courses.openedu.ru/courses/course-v1:ITMOUniversity+DATANTECH2035+summer_2022_1/jump_to/block-v1:ITMOUniversity+DATANTECH2035+summer_2022_1+type@vertical+block@5f546233a926458c8aead14b4810cbda,
https://courses.openedu.ru/courses/course-v1:ITMOUniversity+DATANTECH2035+summer_2022_1/jump_to/block-v1:ITMOUniversity+DATANTECH2035+summer_2022_1+type@vertical+block@ed121d68ec9a44d5b738be3b76b6d8e2,
https://courses.openedu.ru/assets/courseware/v1/b22a775f42bee4ffb0922698dc6e378d/asset-v1:ITMOUniversity+DATANTECH2035+summer_2022_1+type@asset+block/w4_round_diag.pdf,
https://courses.openedu.ru/courses/course-v1:ITMOUniversity+DATANTECH2035+summer_2022_1/jump_to/block-v1:ITMOUniversity+DATANTECH2035+summer_2022_1+type@vertical+block@8347d1e62e3c42788e1e16beb9d84e89,
https://courses.openedu.ru/courses/course-v1:ITMOUniversity+DATANTECH2035+summer_2022_1/jump_to/block-v1:ITMOUniversity+DATANTECH2035+summer_2022_1+type@vertical+block@5b3700c225724a05b46e5826192ace38,
https://courses.openedu.ru/courses/course-v1:ITMOUniversity+DATANTECH2035+summer_2022_1/jump_to/block-v1:ITMOUniversity+DATANTECH2035+summer_2022_1+type@vertical+block@fdeb9adb40a4428da895f6fada23b5bb,
https://courses.openedu.ru/courses/course-v1:ITMOUniversity+DATANTECH2035+summer_2022_1/jump_to/block-v1:ITMOUniversity+DATANTECH2035+summer_2022_1+type@vertical+block@f556144488204d49a3a6d04ac33e65e3,
https://courses.openedu.ru/courses/course-v1:ITMOUniversity+DATANTECH2035+summer_2022_1/jump_to/block-v1:ITMOUniversity+DATANTECH2035+summer_2022_1+type@vertical+block@90a6c3ce65b34b0b8358257be685b652,
https://courses.openedu.ru/asset-v1:ITMOUniversity+DATANFST2035+cifru_2035+type@asset+block@pulsar_stars_new.csv,
https://courses.openedu.ru/assets/courseware/v1/83602c55404310f6d1f9006900c4e525/asset-v1:ITMOUniversity+DATANTECH2035+summer_2022_1+type@asset+block/7_db_Description.pdf,
https://courses.openedu.ru/assets/courseware/v1/a11f0b9cb0074fdacc112eee71eb0b67/asset-v1:ITMOUniversity+DATANTECH2035+summer_2022_1+type@asset+block/candy-data.csv,
https://courses.openedu.ru/asset-v1:ITMOUniversity+DATANTECH2035+summer_2022_1+type@asset+block/SVM.html,
https://courses.openedu.ru/courses/course-v1:ITMOUniversity+DATANTECH2035+summer_2022_1/course/#block-v1:ITMOUniversity+DATANTECH2035+summer_2022_1+type@sequential+block@d07c2c0ac7bb4a328545827e192e5b52,
https://archive.ics.uci.edu/ml/datasets/HTRU2,
https://courses.openedu.ru/courses/course-v1:ITMOUniversity+DATANTECH2035+summer_2022_1/jump_to/block-v1:ITMOUniversity+DATANTECH2035+summer_2022_1+type@vertical+block@89fc3f535ed3417fa4b593c2cbedaeea,
https://courses.openedu.ru/courses/course-v1:ITMOUniversity+DATANTECH2035+summer_2022_1/jump_to/block-v1:ITMOUniversity+DATANTECH2035+summer_2022_1+type@vertical+block@9995cca35a484180a5104593579193f5,
https://openedu.ru/feedback,
https://courses.openedu.ru/assets/courseware/v1/e1f35010926249b705ed9e9dde0afee4/asset-v1:ITMOUniversity+DATANTECH2035+summer_2022_1+type@asset+block/DecisionTree.ipynb,
https://courses.openedu.ru/courses/course-v1:ITMOUniversity+DATANTECH2035+summer_2022_1/jump_to/block-v1:ITMOUniversity+DATANTECH2035+summer_2022_1+type@vertical+block@a0e034278b214c608be30d8a15c8456e,
https://courses.openedu.ru/assets/courseware/v1/9187342c5d8d6e1d9f7bf5caa8d7cc5b/asset-v1:ITMOUniversity+DATANTECH2035+summer_2022_1+type@asset+block/task4_534807.csv,
https://courses.openedu.ru/courses/course-v1:ITMOUniversity+DATANTECH2035+summer_2022_1/jump_to/block-v1:ITMOUniversity+DATANTECH2035+summer_2022_1+type@vertical+block@99007f9addfb4614b1745f5c16552f83,
https://courses.openedu.ru/courses/course-v1:ITMOUniversity+DATANTECH2035+summer_2022_1/jump_to/block-v1:ITMOUniversity+DATANTECH2035+summer_2022_1+type@vertical+block@c8f79315a706457e9cedff82e2d24963,
https://courses.openedu.ru/courses/course-v1:ITMOUniversity+DATANTECH2035+summer_2022_1/jump_to/block-v1:ITMOUniversity+DATANTECH2035+summer_2022_1+type@vertical+block@9c572eb39fc4401a930b8e69e615be6f,
https://courses.openedu.ru/courses/course-v1:ITMOUniversity+DATANTECH2035+summer_2022_1/jump_to/block-v1:ITMOUniversity+DATANTECH2035+summer_2022_1+type@vertical+block@b1187b7994c64af3a99debd5b73ecc15,
https://courses.openedu.ru/courses/course-v1:ITMOUniversity+DATANTECH2035+summer_2022_1/jump_to/block-v1:ITMOUniversity+DATANTECH2035+summer_2022_1+type@vertical+block@4de6f7e51819493b853fb8e79437532b,
https://cdn.openedu.ru/EACAFQQ/ITMOUniversity+DATANTECH2035+cifru_2035+type@asset+block@__%D0%A8%D0%BF%D0%B0%D1%80%D0%B3%D0%B0%D0%BB%D0%BA%D0%B0_Python.pdf,
https://courses.openedu.ru/courses/course-v1:ITMOUniversity+DATANTECH2035+summer_2022_1/jump_to/block-v1:ITMOUniversity+DATANTECH2035+summer_2022_1+type@vertical+block@566ede99d983427cb7169d0e3b45ba73,
https://courses.openedu.ru/courses/course-v1:ITMOUniversity+DATANTECH2035+summer_2022_1/jump_to/block-v1:ITMOUniversity+DATANTECH2035+summer_2022_1+type@vertical+block@527605c734f94bb3a8b2b36b317b10cb,
https://courses.openedu.ru/courses/course-v1:ITMOUniversity+DATANTECH2035+summer_2022_1/instructor,
https://courses.openedu.ru/courses/course-v1:ITMOUniversity+DATANTECH2035+summer_2022_1/jump_to/block-v1:ITMOUniversity+DATANTECH2035+summer_2022_1+type@vertical+block@eafe145e8a264960860db7ae4f525f8b,
https://courses.openedu.ru/courses/course-v1:ITMOUniversity+DATANTECH2035+summer_2022_1/jump_to/block-v1:ITMOUniversity+DATANTECH2035+summer_2022_1+type@vertical+block@3c719d606ff6450bb416cb597d852b1c,
https://courses.openedu.ru/courses/course-v1:ITMOUniversity+DATANTECH2035+summer_2022_1/jump_to/block-v1:ITMOUniversity+DATANTECH2035+summer_2022_1+type@vertical+block@ce835ddf3b1b4c719428eb54ee01c260,
https://courses.openedu.ru/assets/courseware/v1/fa69a0ce5597babd129649b44bdd0b50/asset-v1:ITMOUniversity+DATANTECH2035+summer_2022_1+type@asset+block/task1_19_8_428647.csv,
https://courses.openedu.ru/courses/course-v1:ITMOUniversity+DATANTECH2035+summer_2022_1/jump_to/block-v1:ITMOUniversity+DATANTECH2035+summer_2022_1+type@vertical+block@e743e84e9e9a4aaab1f84d957c2f104b,
https://courses.openedu.ru/courses/course-v1:ITMOUniversity+DATANTECH2035+summer_2022_1/jump_to/block-v1:ITMOUniversity+DATANTECH2035+summer_2022_1+type@vertical+block@7aa19867f5cc4878a6ac1a6e064bb217,
https://courses.openedu.ru/assets/courseware/v1/efa784a2d8f102ba0d2ced5ffaf261be/asset-v1:ITMOUniversity+DATANTECH2035+summer_2022_1+type@asset+block/_Python_example_final_project.zip,
https://courses.openedu.ru/courses/course-v1:ITMOUniversity+DATANTECH2035+summer_2022_1/jump_to/block-v1:ITMOUniversity+DATANTECH2035+summer_2022_1+type@vertical+block@73995714d5cf447aa684daa2e2b67f3c,
https://courses.openedu.ru/assets/courseware/v1/a3d73722c6c970bade7db201ac46750f/asset-v1:ITMOUniversity+DATANTECH2035+summer_2022_1+type@asset+block/task2_363981.csv,
https://courses.openedu.ru/courses/course-v1:ITMOUniversity+DATANTECH2035+summer_2022_1/course/#block-v1:ITMOUniversity+DATANTECH2035+summer_2022_1+type@chapter+block@a4cffffbad70416bafa2b5a67525c1c8,
https://courses.openedu.ru/asset-v1:ITMOUniversity+INTROML+fall_2019_ITMO+type@asset+block@AzureML_2.pdf,
https://courses.openedu.ru/courses/course-v1:ITMOUniversity+DATANTECH2035+summer_2022_1/8b6f1bccbf994209bf49e1181c57380f/,
https://courses.openedu.ru/courses/course-v1:ITMOUniversity+DATANTECH2035+summer_2022_1/course/#block-v1:ITMOUniversity+DATANTECH2035+summer_2022_1+type@chapter+block@b66d79f0b8ca4b78bc2de7b9555d7286,
https://courses.openedu.ru/assets/courseware/v1/fbc09fa58b1ea75a919867038c6f4a72/asset-v1:ITMOUniversity+DATANTECH2035+summer_2022_1+type@asset+block/mumps_14e3850f.pdf,
https://courses.openedu.ru/assets/courseware/v1/423f2dc4bc1d45d249be6a6162195c7f/asset-v1:ITMOUniversity+DATANTECH2035+summer_2022_1+type@asset+block/Task_3_1.ipynb,
https://courses.openedu.ru/courses/course-v1:ITMOUniversity+DATANTECH2035+summer_2022_1/jump_to/block-v1:ITMOUniversity+DATANTECH2035+summer_2022_1+type@vertical+block@36199cd6e10740779500fd86103205f3,
https://matplotlib.org/stable/api/_as_gen/matplotlib.pyplot.hist.html,
https://colab.research.google.com/drive/1DI09CYS2XfDRzAwbAenHxpd0WGEsivy0?usp=sharing,
http://openedx.org/,
https://www.onlinegdb.com/online_python_compiler,
https://courses.openedu.ru/courses/course-v1:ITMOUniversity+DATANTECH2035+summer_2022_1/jump_to/block-v1:ITMOUniversity+DATANTECH2035+summer_2022_1+type@vertical+block@a75bfe885db44f219de5ef6d64bc01e0,
https://courses.openedu.ru/courses/course-v1:ITMOUniversity+DATANTECH2035+summer_2022_1/course/#block-v1:ITMOUniversity+DATANTECH2035+summer_2022_1+type@sequential+block@bbe2eeca956c4c6b8a317fb14fcab07c,
https://courses.openedu.ru/courses/course-v1:ITMOUniversity+DATANTECH2035+summer_2022_1/jump_to/block-v1:ITMOUniversity+DATANTECH2035+summer_2022_1+type@vertical+block@c17a9b98628e4c8c9d4eb755ef781770,
https://www.kaggle.com/c/dogs-vs-cats,
https://courses.openedu.ru/courses/course-v1:ITMOUniversity+DATANTECH2035+summer_2022_1/jump_to/block-v1:ITMOUniversity+DATANTECH2035+summer_2022_1+type@vertical+block@72fa261a5ad44226ba980ac45a48b8e2,
https://courses.openedu.ru/assets/courseware/v1/3f0645c9d75913398b40446fcbc4079a/asset-v1:ITMOUniversity+DATANTECH2035+summer_2022_1+type@asset+block/var812346.xlsx,
https://courses.openedu.ru/assets/courseware/v1/ea1ea1217c53f61ffa4ec6f6d1923254/asset-v1:ITMOUniversity+DATANTECH2035+summer_2022_1+type@asset+block/41_25.csv,
https://courses.openedu.ru/assets/courseware/v1/2400823b7bca53aafb7661a79df87388/asset-v1:ITMOUniversity+DATANTECH2035+summer_2022_1+type@asset+block/task2_291497.csv,
https://courses.openedu.ru/asset-v1:ITMOUniversity+INTROML+fall_2019_ITMO+type@asset+block@Lec_2_LinearRegression.ipynb,
https://courses.openedu.ru/courses/course-v1:ITMOUniversity+DATANTECH2035+summer_2022_1/course/#block-v1:ITMOUniversity+DATANTECH2035+summer_2022_1+type@chapter+block@81c17e483fbe41e697993ca413332e72,
https://courses.openedu.ru/courses/course-v1:ITMOUniversity+DATANTECH2035+summer_2022_1/course/#block-v1:ITMOUniversity+DATANTECH2035+summer_2022_1+type@sequential+block@8cfdadca98c348698fb27d1c6f3caa0e,
https://courses.openedu.ru/courses/course-v1:ITMOUniversity+DATANTECH2035+summer_2022_1/course/#block-v1:ITMOUniversity+DATANTECH2035+summer_2022_1+type@sequential+block@a44070d49d9e4b2389acc6d4792f3ac0,
https://courses.openedu.ru/assets/courseware/v1/3e7c238f30c139029703519d0f8869cf/asset-v1:ITMOUniversity+DATANTECH2035+summer_2022_1+type@asset+block/task5_617146.csv,
https://courses.openedu.ru/courses/course-v1:ITMOUniversity+DATANTECH2035+summer_2022_1/jump_to/block-v1:ITMOUniversity+DATANTECH2035+summer_2022_1+type@vertical+block@7e8b18484bd84159a77f438cb73b722e,
https://courses.openedu.ru/courses/course-v1:ITMOUniversity+DATANTECH2035+summer_2022_1/jump_to/block-v1:ITMOUniversity+DATANTECH2035+summer_2022_1+type@vertical+block@8d922f64cc0b425db4748d0ea1aee151,
https://courses.openedu.ru/assets/courseware/v1/d08d2a6e36b1cba04451137ce31ed8e1/asset-v1:ITMOUniversity+DATANTECH2035+summer_2022_1+type@asset+block/task4_926997.csv,
https://courses.openedu.ru/assets/courseware/v1/cc52b7d0b95eaa805f930a1474faa324/asset-v1:ITMOUniversity+DATANTECH2035+summer_2022_1+type@asset+block/Python_6_1.ipynb,
https://courses.openedu.ru/courses/course-v1:ITMOUniversity+DATANTECH2035+summer_2022_1/course/#block-v1:ITMOUniversity+DATANTECH2035+summer_2022_1+type@chapter+block@123bf1103a954d9ea145f4bb17acb6f8,
https://try.redis.io/,
https://courses.openedu.ru/courses/course-v1:ITMOUniversity+DATANTECH2035+summer_2022_1/course/#block-v1:ITMOUniversity+DATANTECH2035+summer_2022_1+type@sequential+block@2277f96f8751433b9cbda5382f03d044,
https://courses.openedu.ru/assets/courseware/v1/ed034a8865deb543bcf7fcf17c212dc1/asset-v1:ITMOUniversity+DATANTECH2035+summer_2022_1+type@asset+block/task1_3_6_828482.csv,
https://courses.openedu.ru/,
https://courses.openedu.ru/courses/course-v1:ITMOUniversity+DATANTECH2035+summer_2022_1/jump_to/block-v1:ITMOUniversity+DATANTECH2035+summer_2022_1+type@vertical+block@f2a2678502f24632a46050159717fca1,
https://courses.openedu.ru/asset-v1:ITMOUniversity+INTROML+fall_2020_ITMO+type@asset+block@Lec_3_LogisticRegression.html,
https://courses.openedu.ru/courses/course-v1:ITMOUniversity+DATANTECH2035+summer_2022_1/course/#block-v1:ITMOUniversity+DATANTECH2035+summer_2022_1+type@chapter+block@5967a352d9f4470ab988ac44f81e268d,
https://courses.openedu.ru/courses/course-v1:ITMOUniversity+DATANTECH2035+summer_2022_1/jump_to/block-v1:ITMOUniversity+DATANTECH2035+summer_2022_1+type@vertical+block@61d825025c1c4cdeb186826a3b752ebb,
https://courses.openedu.ru/courses/course-v1:ITMOUniversity+DATANTECH2035+summer_2022_1/jump_to/block-v1:ITMOUniversity+DATANTECH2035+summer_2022_1+type@vertical+block@ec4dc0fcbe0e429bb84b0ac58a71df0b,
https://courses.openedu.ru/courses/course-v1:ITMOUniversity+DATANTECH2035+summer_2022_1/jump_to/block-v1:ITMOUniversity+DATANTECH2035+summer_2022_1+type@vertical+block@61115a34bed74f0b9d1cf3106bc63c22,
https://courses.openedu.ru/courses/course-v1:ITMOUniversity+DATANTECH2035+summer_2022_1/jump_to/block-v1:ITMOUniversity+DATANTECH2035+summer_2022_1+type@vertical+block@21fdc65c52c84c41b064c230e98c8cc0,
https://courses.openedu.ru/assets/courseware/v1/694380898271f9e4d31ac8cb199f163c/asset-v1:ITMOUniversity+DATANTECH2035+summer_2022_1+type@asset+block/_script_db_students_PostgreSQL.sql,
https://courses.openedu.ru/assets/courseware/v1/2b3df2955093e86e6875bdfed6b2e382/asset-v1:ITMOUniversity+DATANTECH2035+summer_2022_1+type@asset+block/InstructionMongoDB.pdf,
https://courses.openedu.ru/courses/course-v1:ITMOUniversity+DATANTECH2035+summer_2022_1/course/#block-v1:ITMOUniversity+DATANTECH2035+summer_2022_1+type@sequential+block@f70d5986af0843a5ba1be40b5d52ea3e,
https://studio.openedu.ru/container/block-v1:ITMOUniversity+DATANTECH2035+summer_2022_1+type@vertical+block@9ca9b1d80dcd41598cf5f443a98eafa2,
https://courses.openedu.ru/courses/course-v1:ITMOUniversity+DATANTECH2035+summer_2022_1/course/#block-v1:ITMOUniversity+DATANTECH2035+summer_2022_1+type@sequential+block@8d6e557be12641ebbf1f910cdbd29a13,
https://courses.openedu.ru/courses/course-v1:ITMOUniversity+DATANTECH2035+summer_2022_1/jump_to/block-v1:ITMOUniversity+DATANTECH2035+summer_2022_1+type@vertical+block@8640ee5910634c2fbc4ed978751fe306,
https://courses.openedu.ru/courses/course-v1:ITMOUniversity+DATANTECH2035+summer_2022_1/jump_to/block-v1:ITMOUniversity+DATANTECH2035+summer_2022_1+type@vertical+block@4643965bf2f844c98f611c5cd9acb52f,
https://courses.openedu.ru/courses/course-v1:ITMOUniversity+DATANTECH2035+summer_2022_1/course/#block-v1:ITMOUniversity+DATANTECH2035+summer_2022_1+type@sequential+block@ef103cec2d9f4787857e0001559569a6,
https://courses.openedu.ru/courses/course-v1:ITMOUniversity+DATANTECH2035+summer_2022_1/jump_to/block-v1:ITMOUniversity+DATANTECH2035+summer_2022_1+type@vertical+block@43cf7d3574434cb28c31057e2d5aa6b1,
https://courses.openedu.ru/courses/course-v1:ITMOUniversity+DATANTECH2035+summer_2022_1/jump_to/block-v1:ITMOUniversity+DATANTECH2035+summer_2022_1+type@vertical+block@eb5f233a818e4d318b9088411294d22e,
https://courses.openedu.ru/assets/courseware/v1/79e5e8d4c9b5d616f66e94ef2da6c2d1/asset-v1:ITMOUniversity+DATANTECH2035+summer_2022_1+type@asset+block/Python_6_2.ipynb,
https://courses.openedu.ru/assets/courseware/v1/35a5f63e51806af5c86822625d753537/asset-v1:ITMOUniversity+DATANTECH2035+summer_2022_1+type@asset+block/task1_7_4_574117.csv,
https://courses.openedu.ru/courses/course-v1:ITMOUniversity+DATANTECH2035+summer_2022_1/jump_to/block-v1:ITMOUniversity+DATANTECH2035+summer_2022_1+type@vertical+block@3fcba290dece4fe7b808abafd0f12d0b,
https://courses.openedu.ru/courses/course-v1:ITMOUniversity+DATANTECH2035+summer_2022_1/jump_to/block-v1:ITMOUniversity+DATANTECH2035+summer_2022_1+type@vertical+block@0ef9de0cb5114bb182e9b494a313414e,
https://courses.openedu.ru/assets/courseware/v1/c60d04c1282c0838c43041b0007051a0/asset-v1:ITMOUniversity+DATANTECH2035+summer_2022_1+type@asset+block/task4_341347.csv,
https://courses.openedu.ru/courses/course-v1:ITMOUniversity+DATANTECH2035+summer_2022_1/jump_to/block-v1:ITMOUniversity+DATANTECH2035+summer_2022_1+type@vertical+block@a3403d2cd94c44a393689ee5623d6d21,
https://courses.openedu.ru/assets/courseware/v1/a148bf1493b6b8991a50d1460ce585bb/asset-v1:ITMOUniversity+DATANTECH2035+summer_2022_1+type@asset+block/task5_364950.csv,
https://courses.openedu.ru/courses/course-v1:ITMOUniversity+DATANTECH2035+summer_2022_1/jump_to/block-v1:ITMOUniversity+DATANTECH2035+summer_2022_1+type@vertical+block@404bf1b4d7e0449ba04ef9211b13a5d3,
https://courses.openedu.ru/courses/course-v1:ITMOUniversity+DATANTECH2035+summer_2022_1/jump_to/block-v1:ITMOUniversity+DATANTECH2035+summer_2022_1+type@vertical+block@d250086885964645b09d1ce723d9a760,
https://cdn.openedu.ru/EACAFQQ/ITMOUniversity+DATST+spring_2021_ITMO_bac+type@asset+block@%D0%A0%D0%B5%D0%B3%D0%B8%D0%BE%D0%BD%D1%8B%D0%A0%D0%A4_.csv,
https://openedu.ru/my/,
https://courses.openedu.ru/courses/course-v1:ITMOUniversity+DATANTECH2035+summer_2022_1/jump_to/block-v1:ITMOUniversity+DATANTECH2035+summer_2022_1+type@vertical+block@7a6959f46a4442aea19c6607553937d5,
https://courses.openedu.ru/assets/courseware/v1/cfdeb28ff3e078f063fbefa963af4e73/asset-v1:ITMOUniversity+DATANTECH2035+summer_2022_1+type@asset+block/var234769.xlsx,
https://courses.openedu.ru/courses/course-v1:ITMOUniversity+DATANTECH2035+summer_2022_1/jump_to/block-v1:ITMOUniversity+DATANTECH2035+summer_2022_1+type@vertical+block@67d143f69f414a91acae2a0dc30c9355,
https://courses.openedu.ru/courses/course-v1:ITMOUniversity+DATANTECH2035+summer_2022_1/course/#block-v1:ITMOUniversity+DATANTECH2035+summer_2022_1+type@sequential+block@b025fc32653d4df89aefc0ce578ee48d,
https://courses.openedu.ru/courses/course-v1:ITMOUniversity+DATANTECH2035+summer_2022_1/jump_to/block-v1:ITMOUniversity+DATANTECH2035+summer_2022_1+type@vertical+block@fba08fd7eed14228ade228ef91426e2e,
https://courses.openedu.ru/courses/course-v1:ITMOUniversity+DATANTECH2035+summer_2022_1/jump_to/block-v1:ITMOUniversity+DATANTECH2035+summer_2022_1+type@vertical+block@a49641a5efcb467e99ed074b42688d13,
https://courses.openedu.ru/courses/course-v1:ITMOUniversity+DATANTECH2035+summer_2022_1/jump_to/block-v1:ITMOUniversity+DATANTECH2035+summer_2022_1+type@vertical+block@997f379b4e404680b84380324c8e7308,
https://courses.openedu.ru/assets/courseware/v1/95a95d7ad941db4e6726fa96ac92ebe9/asset-v1:ITMOUniversity+DATANTECH2035+summer_2022_1+type@asset+block/task5_272475.csv,
https://courses.openedu.ru/assets/courseware/v1/3958b56236d0679510aab0d149aa5d31/asset-v1:ITMOUniversity+DATANTECH2035+summer_2022_1+type@asset+block/var123719.xlsx,
https://courses.openedu.ru/courses/course-v1:ITMOUniversity+DATANTECH2035+summer_2022_1/jump_to/block-v1:ITMOUniversity+DATANTECH2035+summer_2022_1+type@vertical+block@8ca06aaca90049ed8f7f04f3c905f626,
https://courses.openedu.ru/assets/courseware/v1/fced0dff85a4437f29d073db20feb138/asset-v1:ITMOUniversity+DATANTECH2035+summer_2022_1+type@asset+block/T-table.pdf,
https://studio.openedu.ru/container/block-v1:ITMOUniversity+DATANTECH2035+summer_2022_1+type@vertical+block@f43b5ad12c024157a7612906df7ce065,
https://courses.openedu.ru/courses/course-v1:ITMOUniversity+DATANTECH2035+summer_2022_1/jump_to/block-v1:ITMOUniversity+DATANTECH2035+summer_2022_1+type@vertical+block@369d6c4704f5487696f6df024cabda04,
https://courses.openedu.ru/courses/course-v1:ITMOUniversity+DATANTECH2035+summer_2022_1/jump_to/block-v1:ITMOUniversity+DATANTECH2035+summer_2022_1+type@vertical+block@d5f91e6ea1af44088ae07d8e0262a5fc,
https://courses.openedu.ru/courses/course-v1:ITMOUniversity+DATANTECH2035+summer_2022_1/course/#block-v1:ITMOUniversity+DATANTECH2035+summer_2022_1+type@chapter+block@198282712f5d4a248cdfb5cd6dc9b240,
https://studio.openedu.ru/container/block-v1:ITMOUniversity+DATANTECH2035+summer_2022_1+type@vertical+block@0a728c23921a446fafb3584d77a1631b,
https://courses.openedu.ru/assets/courseware/v1/a4d27eca9a0c7e96a49e2194df93fa09/asset-v1:ITMOUniversity+DATANTECH2035+summer_2022_1+type@asset+block/task1_4_1_281307.csv,
https://courses.openedu.ru/asset-v1:ITMOUniversity+MLDATAN+spring_2020_ITMO_bac+type@asset+block@Task_3_2.ipynb,
https://courses.openedu.ru/courses/course-v1:ITMOUniversity+DATANTECH2035+summer_2022_1/jump_to/block-v1:ITMOUniversity+DATANTECH2035+summer_2022_1+type@vertical+block@83efba44fe44425da81e6e267f2d8801,
https://courses.openedu.ru/courses/course-v1:ITMOUniversity+DATANTECH2035+summer_2022_1/jump_to/block-v1:ITMOUniversity+DATANTECH2035+summer_2022_1+type@vertical+block@a7bb6bf8705143838bc49a569a167da4,
https://courses.openedu.ru/courses/course-v1:ITMOUniversity+DATANTECH2035+summer_2022_1/jump_to/block-v1:ITMOUniversity+DATANTECH2035+summer_2022_1+type@vertical+block@db4247c867e0485abbf659484ba6cc09,
https://cdn.openedu.ru/EACAFQQ/ITMOUniversity+DATST+spring_2021_ITMO_bac+type@asset+block@task-9cfcb652-7cc6-11eb-adfa-367dda533c29.csv,
https://courses.openedu.ru/courses/course-v1:ITMOUniversity+DATANTECH2035+summer_2022_1/jump_to/block-v1:ITMOUniversity+DATANTECH2035+summer_2022_1+type@vertical+block@d86df5148b7d45d8a40f324a6fc6a6e8,
https://courses.openedu.ru/courses/course-v1:ITMOUniversity+DATANTECH2035+summer_2022_1/jump_to/block-v1:ITMOUniversity+DATANTECH2035+summer_2022_1+type@vertical+block@f8445c2cff8c40b484962c4e3415cb94,
https://courses.openedu.ru/courses/course-v1:ITMOUniversity+DATANTECH2035+summer_2022_1/jump_to/block-v1:ITMOUniversity+DATANTECH2035+summer_2022_1+type@vertical+block@f1edb5df7297494fb9483bdf856c4691,
https://courses.openedu.ru/courses/course-v1:ITMOUniversity+DATANTECH2035+summer_2022_1/jump_to/block-v1:ITMOUniversity+DATANTECH2035+summer_2022_1+type@vertical+block@c93bd75222cf4ad6a515001e4578d61b,
https://courses.openedu.ru/assets/courseware/v1/37b3940ba7cd8d6a605dc018ca96d246/asset-v1:ITMOUniversity+DATANTECH2035+summer_2022_1+type@asset+block/task2_564755.csv,
https://pandas.pydata.org/docs/reference/api/pandas.DataFrame.drop.html?highlight=drop#pandas.DataFrame.drop,
https://studio.openedu.ru/container/block-v1:ITMOUniversity+DATANTECH2035+summer_2022_1+type@vertical+block@1135383a234b4c0d8bc5a1f083304099,
https://courses.openedu.ru/courses/course-v1:ITMOUniversity+DATANTECH2035+summer_2022_1/course/#block-v1:ITMOUniversity+DATANTECH2035+summer_2022_1+type@sequential+block@c9f95fe64ee144b493b8b3864bb0581a,
https://courses.openedu.ru/assets/courseware/v1/f3899cd9110bc2192e2d3ad822ec1450/asset-v1:ITMOUniversity+DATANTECH2035+summer_2022_1+type@asset+block/task1_16_7_461869.csv,
https://courses.openedu.ru/assets/courseware/v1/fdbd99c2d4e15140789f7a234a0da395/asset-v1:ITMOUniversity+DATANTECH2035+summer_2022_1+type@asset+block/task5_529088.csv,
https://courses.openedu.ru/assets/courseware/v1/f9a98baa4e51f14b5448a7fdca8b125e/asset-v1:ITMOUniversity+DATANTECH2035+summer_2022_1+type@asset+block/task5_983784.csv,
https://courses.openedu.ru/courses/course-v1:ITMOUniversity+DATANTECH2035+summer_2022_1/jump_to/block-v1:ITMOUniversity+DATANTECH2035+summer_2022_1+type@vertical+block@79ba0dd0ecb74c068bd44d01fe6d8fc9,
https://courses.openedu.ru/courses/course-v1:ITMOUniversity+DATANTECH2035+summer_2022_1/jump_to/block-v1:ITMOUniversity+DATANTECH2035+summer_2022_1+type@vertical+block@6ff5149bf55e47d29963636c2e0bd945,
https://colab.research.google.com/drive/1GJsDaO4uADR37Byf6ZL-q-aqnkhv12OP?usp=sharing,
https://courses.openedu.ru/courses/course-v1:ITMOUniversity+DATANTECH2035+summer_2022_1/jump_to/block-v1:ITMOUniversity+DATANTECH2035+summer_2022_1+type@vertical+block@8aa870f48d374d86ba5b80d1a89b6d34,
https://courses.openedu.ru/assets/courseware/v1/5714ee1a3719257d5ab2ec701e38ca21/asset-v1:ITMOUniversity+DATANTECH2035+summer_2022_1+type@asset+block/task1_12_6_716611.csv,
https://courses.openedu.ru/courses/course-v1:ITMOUniversity+DATANTECH2035+summer_2022_1/jump_to/block-v1:ITMOUniversity+DATANTECH2035+summer_2022_1+type@vertical+block@29b1dc3299d34b0ab787b4178807a8e5,
https://courses.openedu.ru/courses/course-v1:ITMOUniversity+DATANTECH2035+summer_2022_1/jump_to/block-v1:ITMOUniversity+DATANTECH2035+summer_2022_1+type@vertical+block@1e59976627704b02b8b334c2d594c552,
https://courses.openedu.ru/courses/course-v1:ITMOUniversity+DATANTECH2035+summer_2022_1/jump_to/block-v1:ITMOUniversity+DATANTECH2035+summer_2022_1+type@vertical+block@15233c544f024ba495868a2d4c3021cf,
https://courses.openedu.ru/courses/course-v1:ITMOUniversity+DATANTECH2035+summer_2022_1/jump_to/block-v1:ITMOUniversity+DATANTECH2035+summer_2022_1+type@vertical+block@f234e948b18d492b8af000a9cc4c9555,
https://courses.openedu.ru/courses/course-v1:ITMOUniversity+DATANTECH2035+summer_2022_1/jump_to/block-v1:ITMOUniversity+DATANTECH2035+summer_2022_1+type@vertical+block@2e0c3adce02d4729a82c7fc81457a177,
https://courses.openedu.ru/courses/course-v1:ITMOUniversity+DATANTECH2035+summer_2022_1/jump_to/block-v1:ITMOUniversity+DATANTECH2035+summer_2022_1+type@vertical+block@053d38b16db74433b18d3d3fbb40048f,
https://courses.openedu.ru/courses/course-v1:ITMOUniversity+DATANTECH2035+summer_2022_1/jump_to/block-v1:ITMOUniversity+DATANTECH2035+summer_2022_1+type@vertical+block@4f937b82f25f41559f0271a09bd1d7a3,
https://courses.openedu.ru/asset-v1:ITMOUniversity+DATANFST2035+cifru_2035+type@asset+block@Python_2_1_4.ipynb,
https://courses.openedu.ru/courses/course-v1:ITMOUniversity+DATANTECH2035+summer_2022_1/jump_to/block-v1:ITMOUniversity+DATANTECH2035+summer_2022_1+type@vertical+block@1e0caa46fd7b42368ea6b9577ba1defd,
https://courses.openedu.ru/courses/course-v1:ITMOUniversity+DATANTECH2035+summer_2022_1/jump_to/block-v1:ITMOUniversity+DATANTECH2035+summer_2022_1+type@vertical+block@01532c5109ca4ec9a9f1cdad8577a04a,
https://courses.openedu.ru/assets/courseware/v1/988c2cf2e95f03da040307c3661c3081/asset-v1:ITMOUniversity+DATANTECH2035+summer_2022_1+type@asset+block/task2_630320.csv,
https://online.ifmo.ru/pls/apex,
https://courses.openedu.ru/courses/course-v1:ITMOUniversity+DATANTECH2035+summer_2022_1/jump_to/block-v1:ITMOUniversity+DATANTECH2035+summer_2022_1+type@vertical+block@81e0bcd914fa495b8afabd25efb73c38,
https://courses.openedu.ru/courses/course-v1:ITMOUniversity+DATANTECH2035+summer_2022_1/jump_to/block-v1:ITMOUniversity+DATANTECH2035+summer_2022_1+type@vertical+block@51ce981402794db58df87f9361636278,
https://openedu.ru/partners/apply,
https://courses.openedu.ru/courses/course-v1:ITMOUniversity+DATANTECH2035+summer_2022_1/jump_to/block-v1:ITMOUniversity+DATANTECH2035+summer_2022_1+type@vertical+block@96aebaccda6a425283c85f5b4716ced1,
https://courses.openedu.ru/courses/course-v1:ITMOUniversity+DATANTECH2035+summer_2022_1/jump_to/block-v1:ITMOUniversity+DATANTECH2035+summer_2022_1+type@vertical+block@cef8af419ec04e788e48ceac3f49d517,
https://courses.openedu.ru/assets/courseware/v1/452b488ac74353ce051cf1d021e708ae/asset-v1:ITMOUniversity+DATANTECH2035+summer_2022_1+type@asset+block/_Azure_example_final_project.zip,
https://courses.openedu.ru/assets/courseware/v1/c2b01448f868b815131dbbf859402fc6/asset-v1:ITMOUniversity+DATANTECH2035+summer_2022_1+type@asset+block/Task_data.csv,
https://openedu.ru/contacts,
https://sso.openedu.ru/profile/,
https://courses.openedu.ru/social-logout,
https://courses.openedu.ru/courses/course-v1:ITMOUniversity+DATANTECH2035+summer_2022_1/jump_to/block-v1:ITMOUniversity+DATANTECH2035+summer_2022_1+type@vertical+block@890e1ddfc00446888c575590f0767aed,
https://courses.openedu.ru/assets/courseware/v1/8bdd28d842a8a41e276f5926d1c4ad3e/asset-v1:ITMOUniversity+DATANTECH2035+summer_2022_1+type@asset+block/17_36.csv,
https://courses.openedu.ru/assets/courseware/v1/76b9bc350ff518b2fe5a3f750b91bda3/asset-v1:ITMOUniversity+DATANTECH2035+summer_2022_1+type@asset+block/Python__1.ipynb,
https://courses.openedu.ru/courses/course-v1:ITMOUniversity+DATANTECH2035+summer_2022_1/course/#block-v1:ITMOUniversity+DATANTECH2035+summer_2022_1+type@sequential+block@fae56b3995574e01becd2cdf741456b8,
https://courses.openedu.ru/asset-v1:ITMOUniversity+DATANTECH2035+summer_2022_1+type@asset+block/DecisionTree.html,
https://courses.openedu.ru/courses/course-v1:ITMOUniversity+DATANTECH2035+summer_2022_1/jump_to/block-v1:ITMOUniversity+DATANTECH2035+summer_2022_1+type@vertical+block@7bc22ee2ad0c4f9f9f857a84a31976c7,
https://courses.openedu.ru/courses/course-v1:ITMOUniversity+DATANTECH2035+summer_2022_1/jump_to/block-v1:ITMOUniversity+DATANTECH2035+summer_2022_1+type@vertical+block@1e4c6dceeeec41839932ee550bf31133,
https://courses.openedu.ru/courses/course-v1:ITMOUniversity+DATANTECH2035+summer_2022_1/jump_to/block-v1:ITMOUniversity+DATANTECH2035+summer_2022_1+type@vertical+block@341991fc425349329b5ad85f8e04f64c,
https://matplotlib.org/stable/api/_as_gen/matplotlib.pyplot.pie.html?highlight=pie#matplotlib.pyplot.pie,
https://studio.openedu.ru/container/block-v1:ITMOUniversity+DATANTECH2035+summer_2022_1+type@vertical+block@c38d77fb124a49e6aaca1783f792c57c,
https://courses.openedu.ru/courses/course-v1:ITMOUniversity+DATANTECH2035+summer_2022_1/jump_to/block-v1:ITMOUniversity+DATANTECH2035+summer_2022_1+type@vertical+block@1ed87db72b484bf2bd33971f47422bdb,
https://courses.openedu.ru/courses/course-v1:ITMOUniversity+DATANTECH2035+summer_2022_1/jump_to/block-v1:ITMOUniversity+DATANTECH2035+summer_2022_1+type@vertical+block@b85c0e3a495b4d70ad28bbb2a3a7292f,
https://courses.openedu.ru/courses/course-v1:ITMOUniversity+DATANTECH2035+summer_2022_1/jump_to/block-v1:ITMOUniversity+DATANTECH2035+summer_2022_1+type@vertical+block@eb0378799e1b48eeb7ca500e8ee43406,
https://courses.openedu.ru/assets/courseware/v1/abf8c08a57c8e33960e92e41ce2191d4/asset-v1:ITMOUniversity+DATANTECH2035+summer_2022_1+type@asset+block/task2_696799.csv,
https://courses.openedu.ru/asset-v1:ITMOUniversity+MLDATAN+spring_2020_ITMO_bac+type@asset+block@digits.csv,
https://courses.openedu.ru/assets/courseware/v1/b6cb4ea6a069a5a588596dd9e12de293/asset-v1:ITMOUniversity+DATANTECH2035+summer_2022_1+type@asset+block/auto-mpg-quiz.csv,
https://courses.openedu.ru/assets/courseware/v1/be916065689e31cf0d9dfbc4659d1920/asset-v1:ITMOUniversity+DATANTECH2035+summer_2022_1+type@asset+block/var127683.xlsx,
https://openedu.ru/,
https://courses.openedu.ru/courses/course-v1:ITMOUniversity+DATANTECH2035+summer_2022_1/jump_to/block-v1:ITMOUniversity+DATANTECH2035+summer_2022_1+type@vertical+block@9990a4f80a484c0092099f06d8eeb692,
https://courses.openedu.ru/assets/courseware/v1/e171349489384b9abff423991afa7c94/asset-v1:ITMOUniversity+DATANTECH2035+summer_2022_1+type@asset+block/DML_commands_ru.pdf,
https://courses.openedu.ru/asset-v1:ITMOUniversity+DATANFST2035+cifru_2035+type@asset+block@FlightDelays_small_no_ID.csv,
https://courses.openedu.ru/assets/courseware/v1/0aa30d8da69ae54cda3cf9c4dddff6de/asset-v1:ITMOUniversity+DATANTECH2035+summer_2022_1+type@asset+block/var123126.xlsx,
https://courses.openedu.ru/courses/course-v1:ITMOUniversity+DATANTECH2035+summer_2022_1/jump_to/block-v1:ITMOUniversity+DATANTECH2035+summer_2022_1+type@vertical+block@3a3b3c85dcd34315a5d118a5159ef83e,
https://courses.openedu.ru/assets/courseware/v1/b6002f78e01dcb1cf028a6013e6bb5ed/asset-v1:ITMOUniversity+DATANTECH2035+summer_2022_1+type@asset+block/task1_19_1_210357.csv,
https://courses.openedu.ru/courses/course-v1:ITMOUniversity+DATANTECH2035+summer_2022_1/jump_to/block-v1:ITMOUniversity+DATANTECH2035+summer_2022_1+type@vertical+block@9b57bef0731b4e0e9e890cc25ac0fca0,
https://courses.openedu.ru/assets/courseware/v1/9e8324accf6daaf8c6d5ac0d4fb70533/asset-v1:ITMOUniversity+DATANTECH2035+summer_2022_1+type@asset+block/task2_661923.csv,
https://courses.openedu.ru/asset-v1:ITMOUniversity+INTROML+fall_2020_ITMO+type@asset+block@Lec_3_LogisticRegression.ipynb,
https://openedu.ru/course/,
https://courses.openedu.ru/courses/course-v1:ITMOUniversity+DATANTECH2035+summer_2022_1/jump_to/block-v1:ITMOUniversity+DATANTECH2035+summer_2022_1+type@vertical+block@abc9a137a5244255970a8d16a920bc1c,
https://courses.openedu.ru/courses/course-v1:ITMOUniversity+DATANTECH2035+summer_2022_1/course/#block-v1:ITMOUniversity+DATANTECH2035+summer_2022_1+type@chapter+block@b1faa0a35d794207bba406d2be1e9285,
https://courses.openedu.ru/assets/courseware/v1/d7c4c3b04967d7e3fb419249dd76c132/asset-v1:ITMOUniversity+DATANTECH2035+summer_2022_1+type@asset+block/FINNET_Diagrams_ans.pdf,
https://courses.openedu.ru/courses/course-v1:ITMOUniversity+DATANTECH2035+summer_2022_1/jump_to/block-v1:ITMOUniversity+DATANTECH2035+summer_2022_1+type@vertical+block@6be94b47239f423d94c0e5734dcb9226,
https://courses.openedu.ru/assets/courseware/v1/d57009d7d716f43d0e22c4f14a1a885d/asset-v1:ITMOUniversity+DATANTECH2035+summer_2022_1+type@asset+block/Programming_students_task.ipynb,
https://courses.openedu.ru/assets/courseware/v1/29f38a365516ea22e276e19e8b90b66f/asset-v1:ITMOUniversity+DATANTECH2035+summer_2022_1+type@asset+block/Instruction.pdf,
https://courses.openedu.ru/courses/course-v1:ITMOUniversity+DATANTECH2035+summer_2022_1/jump_to/block-v1:ITMOUniversity+DATANTECH2035+summer_2022_1+type@vertical+block@24332a9801e84bcd82e3588d29a1b4db,
https://courses.openedu.ru/courses/course-v1:ITMOUniversity+DATANTECH2035+summer_2022_1/jump_to/block-v1:ITMOUniversity+DATANTECH2035+summer_2022_1+type@vertical+block@ddb75b22dfea45f4ad42c91a0b5abf89,
https://courses.openedu.ru/courses/course-v1:ITMOUniversity+DATANTECH2035+summer_2022_1/course/#block-v1:ITMOUniversity+DATANTECH2035+summer_2022_1+type@chapter+block@14190293cbc540feb11490a690e39cc1,
https://courses.openedu.ru/courses/course-v1:ITMOUniversity+DATANTECH2035+summer_2022_1/jump_to/block-v1:ITMOUniversity+DATANTECH2035+summer_2022_1+type@vertical+block@eeb66228e96c414bb159e14ddbf7b82f,
https://courses.openedu.ru/courses/course-v1:ITMOUniversity+DATANTECH2035+summer_2022_1/jump_to/block-v1:ITMOUniversity+DATANTECH2035+summer_2022_1+type@vertical+block@8dd5b1b5e30f44a5959cda9ed3307d4d,
https://courses.openedu.ru/courses/course-v1:ITMOUniversity+DATANTECH2035+summer_2022_1/jump_to/block-v1:ITMOUniversity+DATANTECH2035+summer_2022_1+type@vertical+block@025e259bccae4a8fa196f392c9c895e4,
https://courses.openedu.ru/assets/courseware/v1/231ecb786333696a3787c330db18897f/asset-v1:ITMOUniversity+DATANTECH2035+summer_2022_1+type@asset+block/Python_5.ipynb,
https://courses.openedu.ru/courses/course-v1:ITMOUniversity+DATANTECH2035+summer_2022_1/jump_to/block-v1:ITMOUniversity+DATANTECH2035+summer_2022_1+type@vertical+block@d536de0d4f2a43399ddcdd1c0d3c1659,
https://courses.openedu.ru/courses/course-v1:ITMOUniversity+DATANTECH2035+summer_2022_1/jump_to/block-v1:ITMOUniversity+DATANTECH2035+summer_2022_1+type@vertical+block@f8317981ffed466bab92d3f8d9f3d51a,
https://courses.openedu.ru/courses/course-v1:ITMOUniversity+DATANTECH2035+summer_2022_1/jump_to/block-v1:ITMOUniversity+DATANTECH2035+summer_2022_1+type@vertical+block@861645c42c3b48f8a02512224df1671b,
https://courses.openedu.ru/courses/course-v1:ITMOUniversity+DATANTECH2035+summer_2022_1/jump_to/block-v1:ITMOUniversity+DATANTECH2035+summer_2022_1+type@vertical+block@3956c4f73c694cbcb1a5424c9062a3af,
https://courses.openedu.ru/courses/course-v1:ITMOUniversity+DATANTECH2035+summer_2022_1/jump_to/block-v1:ITMOUniversity+DATANTECH2035+summer_2022_1+type@vertical+block@f1f54408685e4bd084071ed0ffa8feb3,
https://studio.openedu.ru/container/block-v1:ITMOUniversity+DATANTECH2035+summer_2022_1+type@vertical+block@527605c734f94bb3a8b2b36b317b10cb,
https://courses.openedu.ru/assets/courseware/v1/0919947b61508e2a00b41e49ef429d11/asset-v1:ITMOUniversity+DATANTECH2035+summer_2022_1+type@asset+block/task1_2_6_417596.csv,
https://courses.openedu.ru/assets/courseware/v1/a76318970b21e97a6913f7190e1f37a1/asset-v1:ITMOUniversity+DATANTECH2035+summer_2022_1+type@asset+block/%D0%9F%D1%80%D0%B8%D0%BC%D0%B5%D1%80_%D0%B2%D1%8B%D0%BF%D0%BE%D0%BB%D0%BD%D0%B5%D0%BD%D0%B8%D1%8F_%D0%B7%D0%B0%D0%B4%D0%B0%D0%BD%D0%B8%D1%8F.pdf,
https://courses.openedu.ru/courses/course-v1:ITMOUniversity+DATANTECH2035+summer_2022_1/course/#block-v1:ITMOUniversity+DATANTECH2035+summer_2022_1+type@sequential+block@f81bf48134cb4e58bd0156fd23e4f2c6,
https://courses.openedu.ru/courses/course-v1:ITMOUniversity+DATANTECH2035+summer_2022_1/jump_to/block-v1:ITMOUniversity+DATANTECH2035+summer_2022_1+type@vertical+block@81a76457d02648ebbf9142fd8dc702b0,
https://courses.openedu.ru/courses/course-v1:ITMOUniversity+DATANTECH2035+summer_2022_1/jump_to/block-v1:ITMOUniversity+DATANTECH2035+summer_2022_1+type@vertical+block@5753ef82ed0e429d82699075ef2e8128,
https://courses.openedu.ru/courses/course-v1:ITMOUniversity+DATANTECH2035+summer_2022_1/course/#block-v1:ITMOUniversity+DATANTECH2035+summer_2022_1+type@sequential+block@42a28f08e32e4fc5825cde1447faf61a,
https://courses.openedu.ru/courses/course-v1:ITMOUniversity+DATANTECH2035+summer_2022_1/course/#block-v1:ITMOUniversity+DATANTECH2035+summer_2022_1+type@chapter+block@484762194a504410855c71caa954ca7b,
https://courses.openedu.ru/courses/course-v1:ITMOUniversity+DATANTECH2035+summer_2022_1/jump_to/block-v1:ITMOUniversity+DATANTECH2035+summer_2022_1+type@vertical+block@cd044e5ea0d84604824b78f36979b38c,
https://api.github.com/,
https://courses.openedu.ru/courses/course-v1:ITMOUniversity+DATANTECH2035+summer_2022_1/jump_to/block-v1:ITMOUniversity+DATANTECH2035+summer_2022_1+type@vertical+block@8b9701118e334bdfbeb1ebfa294d710e,
https://courses.openedu.ru/courses/course-v1:ITMOUniversity+DATANTECH2035+summer_2022_1/jump_to/block-v1:ITMOUniversity+DATANTECH2035+summer_2022_1+type@vertical+block@9f0f8d684de741e590b1b4b1f9b33ed4,
https://courses.openedu.ru/courses/course-v1:ITMOUniversity+DATANTECH2035+summer_2022_1/jump_to/block-v1:ITMOUniversity+DATANTECH2035+summer_2022_1+type@vertical+block@bbcfd7539404426fbdacc05deae9afc4,
https://courses.openedu.ru/courses/course-v1:ITMOUniversity+DATANTECH2035+summer_2022_1/jump_to/block-v1:ITMOUniversity+DATANTECH2035+summer_2022_1+type@vertical+block@3c3557c07b544bfaaca94de6c3bcf9d1,
https://courses.openedu.ru/assets/courseware/v1/c93aaa16121c47509133519190f5f2cb/asset-v1:ITMOUniversity+DATANTECH2035+summer_2022_1+type@asset+block/task4_439619.csv,
https://courses.openedu.ru/courses/course-v1:ITMOUniversity+DATANTECH2035+summer_2022_1/jump_to/block-v1:ITMOUniversity+DATANTECH2035+summer_2022_1+type@vertical+block@2e8f27f2074c426a90244ed399043229,
https://courses.openedu.ru/courses/course-v1:ITMOUniversity+DATANTECH2035+summer_2022_1/course/#block-v1:ITMOUniversity+DATANTECH2035+summer_2022_1+type@sequential+block@8efc4e76687a46c5b1e44bb158c1228e,
https://courses.openedu.ru/assets/courseware/v1/431a30c4a3a2b3f265f8cce1a809aa0f/asset-v1:ITMOUniversity+DATANTECH2035+summer_2022_1+type@asset+block/pulsar_stars_new.csv,
https://courses.openedu.ru/courses/course-v1:ITMOUniversity+DATANTECH2035+summer_2022_1/jump_to/block-v1:ITMOUniversity+DATANTECH2035+summer_2022_1+type@vertical+block@1135383a234b4c0d8bc5a1f083304099,
https://courses.openedu.ru/courses/course-v1:ITMOUniversity+DATANTECH2035+summer_2022_1/jump_to/block-v1:ITMOUniversity+DATANTECH2035+summer_2022_1+type@vertical+block@a50ad607d9ea497e8b47118e8a1660a1,
https://courses.openedu.ru/asset-v1:ITMOUniversity+INTROML+fall_2019_ITMO+type@asset+block@Lec_5_K-Means.html,
https://courses.openedu.ru/asset-v1:ITMOUniversity+DATANTECH2035+summer_2022_1+type@asset+block/Task_3_1.html,
https://courses.openedu.ru/courses/course-v1:ITMOUniversity+DATANTECH2035+summer_2022_1/jump_to/block-v1:ITMOUniversity+DATANTECH2035+summer_2022_1+type@vertical+block@e7fc9bebbc684e788022716ae5940a3e,
https://courses.openedu.ru/courses/course-v1:ITMOUniversity+DATANTECH2035+summer_2022_1/course/#block-v1:ITMOUniversity+DATANTECH2035+summer_2022_1+type@sequential+block@23aa86be09724185921eb54e624efbae,
https://courses.openedu.ru/courses/course-v1:ITMOUniversity+DATANTECH2035+summer_2022_1/course/#block-v1:ITMOUniversity+DATANTECH2035+summer_2022_1+type@sequential+block@a5db68bf79e944419d52014684b6f719,
https://courses.openedu.ru/courses/course-v1:ITMOUniversity+DATANTECH2035+summer_2022_1/course/#block-v1:ITMOUniversity+DATANTECH2035+summer_2022_1+type@chapter+block@a0cba4be6c4641b68e4b64eefa7c9b9b,
https://courses.openedu.ru/assets/courseware/v1/94c1f9f35d3ca830c7ef75a3c190abd6/asset-v1:ITMOUniversity+DATANTECH2035+summer_2022_1+type@asset+block/task2_404539.csv,
https://online.ifmo.ru/mongo/,
https://courses.openedu.ru/assets/courseware/v1/f49da50c506b568b77f82ab89eb82d97/asset-v1:ITMOUniversity+DATANTECH2035+summer_2022_1+type@asset+block/Python_2.ipynb,
https://courses.openedu.ru/courses/course-v1:ITMOUniversity+DATANTECH2035+summer_2022_1/jump_to/block-v1:ITMOUniversity+DATANTECH2035+summer_2022_1+type@vertical+block@32ab61ecbdff48b79df08b7dc08cffca,
https://courses.openedu.ru/assets/courseware/v1/1cad95efb10fd77fd1c8126d0f11d77b/asset-v1:ITMOUniversity+DATANTECH2035+summer_2022_1+type@asset+block/quiz_5_2_3_data.csv,
https://colab.research.google.com/drive/1BhzWbgoD3c-syc3kt3J3q8tUL3eTWmfO?usp=sharing,
https://courses.openedu.ru/courses/course-v1:ITMOUniversity+DATANTECH2035+summer_2022_1/jump_to/block-v1:ITMOUniversity+DATANTECH2035+summer_2022_1+type@vertical+block@321b7c8f71f14486a4b92833c7d890cf,
https://courses.openedu.ru/courses/course-v1:ITMOUniversity+DATANTECH2035+summer_2022_1/jump_to/block-v1:ITMOUniversity+DATANTECH2035+summer_2022_1+type@vertical+block@00fe454c647e41f8af8b3a5354a60c3a,
https://courses.openedu.ru/courses/course-v1:ITMOUniversity+DATANTECH2035+summer_2022_1/jump_to/block-v1:ITMOUniversity+DATANTECH2035+summer_2022_1+type@vertical+block@6622b434df254adca8c49a6e0052fc5d,
https://courses.openedu.ru/asset-v1:ITMOUniversity+MLDATAN+spring_2020_ITMO_bac+type@asset+block@%D0%98%D0%BD%D1%81%D1%82%D1%80%D1%83%D0%BA%D1%86%D0%B8%D1%8F_3_1.pdf,
https://courses.openedu.ru/courses/course-v1:ITMOUniversity+DATANTECH2035+summer_2022_1/jump_to/block-v1:ITMOUniversity+DATANTECH2035+summer_2022_1+type@vertical+block@6bca613253564b6d8f813b4fd85c8587,
https://courses.openedu.ru/assets/courseware/v1/1be529da95f45363a8b67f61039c766c/asset-v1:ITMOUniversity+DATANTECH2035+summer_2022_1+type@asset+block/task5_963811.csv,
https://courses.openedu.ru/courses/course-v1:ITMOUniversity+DATANTECH2035+summer_2022_1/course/#block-v1:ITMOUniversity+DATANTECH2035+summer_2022_1+type@chapter+block@0bbb69c3f41b46acbd92369f05d1e85f,
https://courses.openedu.ru/assets/courseware/v1/c04f7a9a92bf295d262b9642981c4a9e/asset-v1:ITMOUniversity+DATANTECH2035+summer_2022_1+type@asset+block/task1_15_7_696368.csv,
https://courses.openedu.ru/courses/course-v1:ITMOUniversity+DATANTECH2035+summer_2022_1/course/#block-v1:ITMOUniversity+DATANTECH2035+summer_2022_1+type@sequential+block@c48a54a751a443eba557b11a1e94d3e6,
https://courses.openedu.ru/assets/courseware/v1/194db3e026a76dd6dbbf5e3d9796672a/asset-v1:ITMOUniversity+DATANTECH2035+summer_2022_1+type@asset+block/task4_213602.csv,
https://courses.openedu.ru/courses/course-v1:ITMOUniversity+DATANTECH2035+summer_2022_1/jump_to/block-v1:ITMOUniversity+DATANTECH2035+summer_2022_1+type@vertical+block@db2d1bcb7c5c4fd2bda98b8786fcbfb9,
https://courses.openedu.ru/assets/courseware/v1/cf1f95f212cc4167222358726c75f9bc/asset-v1:ITMOUniversity+DATANTECH2035+summer_2022_1+type@asset+block/10.jpg,
https://courses.openedu.ru/courses/course-v1:ITMOUniversity+DATANTECH2035+summer_2022_1/jump_to/block-v1:ITMOUniversity+DATANTECH2035+summer_2022_1+type@vertical+block@4a27fc7733e6459ca293d4e1e336b06d,
https://courses.openedu.ru/courses/course-v1:ITMOUniversity+DATANTECH2035+summer_2022_1/discussion/forum/,
https://courses.openedu.ru/courses/course-v1:ITMOUniversity+DATANTECH2035+summer_2022_1/jump_to/block-v1:ITMOUniversity+DATANTECH2035+summer_2022_1+type@vertical+block@96fc41f52b1b4c8da9d4f6a37824ff5b,
https://courses.openedu.ru/courses/course-v1:ITMOUniversity+DATANTECH2035+summer_2022_1/jump_to/block-v1:ITMOUniversity+DATANTECH2035+summer_2022_1+type@vertical+block@9021c9481c334ff1b468bfbc2bf7b119,
https://courses.openedu.ru/assets/courseware/v1/09c97139edac9ae9644422a0e030f44d/asset-v1:ITMOUniversity+DATANTECH2035+summer_2022_1+type@asset+block/Task2__summary_table.pdf,
https://courses.openedu.ru/courses/course-v1:ITMOUniversity+DATANTECH2035+summer_2022_1/jump_to/block-v1:ITMOUniversity+DATANTECH2035+summer_2022_1+type@vertical+block@95a75a6daf2e4805979cecd6f75200c6,
https://courses.openedu.ru/assets/courseware/v1/8fff79bd098ea90297b1ee4f3f36b94d/asset-v1:ITMOUniversity+DATANTECH2035+summer_2022_1+type@asset+block/_script_db_students_oracle.sql,
https://courses.openedu.ru/courses/course-v1:ITMOUniversity+DATANTECH2035+summer_2022_1/course/#block-v1:ITMOUniversity+DATANTECH2035+summer_2022_1+type@sequential+block@080cb770c2974b679b8b326e0bc0d0fa,
https://courses.openedu.ru/courses/course-v1:ITMOUniversity+DATANTECH2035+summer_2022_1/course/#block-v1:ITMOUniversity+DATANTECH2035+summer_2022_1+type@chapter+block@a1cc086a5cf34dcaae06eb6f0ba39f4f,
https://courses.openedu.ru/assets/courseware/v1/9a99eeed724ff6de71dbf100a7143900/asset-v1:ITMOUniversity+DATANTECH2035+summer_2022_1+type@asset+block/%D0%9E%D1%81%D1%82%D0%B0%D0%BD%D0%BE%D0%B2%D0%BA%D0%B8.pdf,
https://courses.openedu.ru/courses/course-v1:ITMOUniversity+DATANTECH2035+summer_2022_1/jump_to/block-v1:ITMOUniversity+DATANTECH2035+summer_2022_1+type@vertical+block@6ebd0ee72b054a3a9664388abf21a758,
https://courses.openedu.ru/courses/course-v1:ITMOUniversity+DATANTECH2035+summer_2022_1/jump_to/block-v1:ITMOUniversity+DATANTECH2035+summer_2022_1+type@vertical+block@5a44d48ce12d4a4d9d2551b64729528f,
https://courses.openedu.ru/courses/course-v1:ITMOUniversity+DATANTECH2035+summer_2022_1/jump_to/block-v1:ITMOUniversity+DATANTECH2035+summer_2022_1+type@vertical+block@c7e76d8c988947568814d7a59b6e8d2b,
https://courses.openedu.ru/assets/courseware/v1/5bef1a3ded39f5aeccecd0c631f9e8d8/asset-v1:ITMOUniversity+DATANTECH2035+summer_2022_1+type@asset+block/var723814.xlsx,
https://studio.openedu.ru/container/block-v1:ITMOUniversity+DATANTECH2035+summer_2022_1+type@vertical+block@de536a3bbdf94e3caaaeeda180f74a1c,
https://courses.openedu.ru/courses/course-v1:ITMOUniversity+DATANTECH2035+summer_2022_1/jump_to/block-v1:ITMOUniversity+DATANTECH2035+summer_2022_1+type@vertical+block@1bca593294e9455a981d1192a8fa1b2b,
https://courses.openedu.ru/assets/courseware/v1/4728cdf854b5fe2e1119302960b9e8ae/asset-v1:ITMOUniversity+DATANTECH2035+summer_2022_1+type@asset+block/diabetes_with_id_fix.csv,
https://courses.openedu.ru/courses/course-v1:ITMOUniversity+DATANTECH2035+summer_2022_1/jump_to/block-v1:ITMOUniversity+DATANTECH2035+summer_2022_1+type@vertical+block@ebc5849dab654e90a83c8b40acef9f0c,
https://courses.openedu.ru/courses/course-v1:ITMOUniversity+DATANTECH2035+summer_2022_1/jump_to/block-v1:ITMOUniversity+DATANTECH2035+summer_2022_1+type@vertical+block@93e3013d7a274f2e84d9cb2543403241,
https://courses.openedu.ru/courses/course-v1:ITMOUniversity+DATANTECH2035+summer_2022_1/jump_to/block-v1:ITMOUniversity+DATANTECH2035+summer_2022_1+type@vertical+block@b61e52c2834845c4a735d80691c4f6a7,
https://courses.openedu.ru/courses/course-v1:ITMOUniversity+DATANTECH2035+summer_2022_1/course/#block-v1:ITMOUniversity+DATANTECH2035+summer_2022_1+type@chapter+block@9fbe3b3f0d55488b8287412f935981d6,
https://courses.openedu.ru/courses/course-v1:ITMOUniversity+DATANTECH2035+summer_2022_1/jump_to/block-v1:ITMOUniversity+DATANTECH2035+summer_2022_1+type@vertical+block@de536a3bbdf94e3caaaeeda180f74a1c,
https://courses.openedu.ru/courses/course-v1:ITMOUniversity+DATANTECH2035+summer_2022_1/jump_to/block-v1:ITMOUniversity+DATANTECH2035+summer_2022_1+type@vertical+block@5eb5372a23ca42b4b452b840ec56e986,
https://courses.openedu.ru/courses/course-v1:ITMOUniversity+DATANTECH2035+summer_2022_1/jump_to/block-v1:ITMOUniversity+DATANTECH2035+summer_2022_1+type@vertical+block@1886dcaedc73408c8b502c5ddfad9d57,
https://courses.openedu.ru/assets/courseware/v1/1637473e0935ab74b8a0c7a244afcaf0/asset-v1:ITMOUniversity+DATANTECH2035+summer_2022_1+type@asset+block/STUDENTS_EXAM_NEW.pdf,
https://courses.openedu.ru/courses/course-v1:ITMOUniversity+DATANTECH2035+summer_2022_1/jump_to/block-v1:ITMOUniversity+DATANTECH2035+summer_2022_1+type@vertical+block@555d56eff3db4a9f9504c737d337c834,
https://courses.openedu.ru/courses/course-v1:ITMOUniversity+DATANTECH2035+summer_2022_1/course/#block-v1:ITMOUniversity+DATANTECH2035+summer_2022_1+type@sequential+block@d66db96fbee742308c7210a178991204,
https://courses.openedu.ru/asset-v1:ITMOUniversity+MLDATAN+spring_2020_ITMO_bac+type@asset+block@%D0%9F%D1%80%D0%B8%D0%BC%D0%B5%D1%80_3_1.xlsx,
https://courses.openedu.ru/courses/course-v1:ITMOUniversity+DATANTECH2035+summer_2022_1/jump_to/block-v1:ITMOUniversity+DATANTECH2035+summer_2022_1+type@vertical+block@3b4c958e40a448ebad91cce9e507860c,
https://courses.openedu.ru/courses/course-v1:ITMOUniversity+DATANTECH2035+summer_2022_1/course/#block-v1:ITMOUniversity+DATANTECH2035+summer_2022_1+type@chapter+block@38719609bff540739be088c7e325eb95,
https://courses.openedu.ru/courses/course-v1:ITMOUniversity+DATANTECH2035+summer_2022_1/jump_to/block-v1:ITMOUniversity+DATANTECH2035+summer_2022_1+type@vertical+block@cd69cdc564b44c2db7a11cc5fdf55409,
https://colab.research.google.com/drive/1EA1tQ042doMxacItTsnKGLT3bDwy8lPj?usp=sharing,
https://courses.openedu.ru/courses/course-v1:ITMOUniversity+DATANTECH2035+summer_2022_1/jump_to/block-v1:ITMOUniversity+DATANTECH2035+summer_2022_1+type@vertical+block@ac3648ef33244c408228365b4502cc25,
https://courses.openedu.ru/courses/course-v1:ITMOUniversity+DATANTECH2035+summer_2022_1/jump_to/block-v1:ITMOUniversity+DATANTECH2035+summer_2022_1+type@vertical+block@6e76ea61f4044fb7b8349b8c3ffadc97,
https://studio.openedu.ru/container/block-v1:ITMOUniversity+DATANTECH2035+summer_2022_1+type@vertical+block@25c27af6870f4d65a29a27259026caae,
https://courses.openedu.ru/courses/course-v1:ITMOUniversity+DATANTECH2035+summer_2022_1/jump_to/block-v1:ITMOUniversity+DATANTECH2035+summer_2022_1+type@vertical+block@1657299993f64d3782199676190929f5,
https://courses.openedu.ru/assets/courseware/v1/84731d7f5983f6939eb518e02924d85e/asset-v1:ITMOUniversity+DATANTECH2035+summer_2022_1+type@asset+block/task2_807995.csv,
https://courses.openedu.ru/assets/courseware/v1/4d4a6618d13b4a4c6611b0ec64f2388d/asset-v1:ITMOUniversity+DATANTECH2035+summer_2022_1+type@asset+block/task1_4_5_391050.csv,
https://courses.openedu.ru/courses/course-v1:ITMOUniversity+DATANTECH2035+summer_2022_1/course/#block-v1:ITMOUniversity+DATANTECH2035+summer_2022_1+type@sequential+block@cb6523d05390460ba4863213951b86c5,
https://courses.openedu.ru/courses/course-v1:ITMOUniversity+DATANTECH2035+summer_2022_1/course/#block-v1:ITMOUniversity+DATANTECH2035+summer_2022_1+type@chapter+block@68b4180d60b8412d8da23484f370bd02,
https://courses.openedu.ru/assets/courseware/v1/b644b4b152e7e4fe33d7141a659c2a27/asset-v1:ITMOUniversity+DATANTECH2035+summer_2022_1+type@asset+block/Python_4.ipynb,
https://courses.openedu.ru/assets/courseware/v1/0a087e8c174cd1df872e7b1990233942/asset-v1:ITMOUniversity+DATANTECH2035+summer_2022_1+type@asset+block/AzureML_9.pdf,
https://courses.openedu.ru/courses/course-v1:ITMOUniversity+DATANTECH2035+summer_2022_1/jump_to/block-v1:ITMOUniversity+DATANTECH2035+summer_2022_1+type@vertical+block@a723e23353e946fba38129a68a41e2ee,
https://courses.openedu.ru/courses/course-v1:ITMOUniversity+DATANTECH2035+summer_2022_1/jump_to/block-v1:ITMOUniversity+DATANTECH2035+summer_2022_1+type@vertical+block@f847eea4e0e34e729275d06c6d303e9a,
https://courses.openedu.ru/courses/course-v1:ITMOUniversity+DATANTECH2035+summer_2022_1/jump_to/block-v1:ITMOUniversity+DATANTECH2035+summer_2022_1+type@vertical+block@d9ec90ee1965439abf2c663c4e754c87,
https://courses.openedu.ru/assets/courseware/v1/598a4d273222fa9354a8b18c1b4c7edb/asset-v1:ITMOUniversity+DATANTECH2035+summer_2022_1+type@asset+block/task4_211235.csv,
https://courses.openedu.ru/courses/course-v1:ITMOUniversity+DATANTECH2035+summer_2022_1/course/#block-v1:ITMOUniversity+DATANTECH2035+summer_2022_1+type@sequential+block@cebade3260a24525b2c1879e8a3dd1a2,
https://courses.openedu.ru/courses/course-v1:ITMOUniversity+DATANTECH2035+summer_2022_1/course/#block-v1:ITMOUniversity+DATANTECH2035+summer_2022_1+type@chapter+block@c2baff7ed8cb4af2a9fef0af8b72ea02,
https://courses.openedu.ru/courses/course-v1:ITMOUniversity+DATANTECH2035+summer_2022_1/jump_to/block-v1:ITMOUniversity+DATANTECH2035+summer_2022_1+type@vertical+block@91ae544bac134385ab75dc42866bd15b,
https://courses.openedu.ru/courses/course-v1:ITMOUniversity+DATANTECH2035+summer_2022_1/jump_to/block-v1:ITMOUniversity+DATANTECH2035+summer_2022_1+type@vertical+block@36959b3d35044b50808c5bce39e3d08b,
https://courses.openedu.ru/assets/courseware/v1/8fbacc0bb6b5defae1013049c7112a12/asset-v1:ITMOUniversity+DATANTECH2035+summer_2022_1+type@asset+block/task1_10_7_361871.csv,
https://courses.openedu.ru/courses/course-v1:ITMOUniversity+DATANTECH2035+summer_2022_1/jump_to/block-v1:ITMOUniversity+DATANTECH2035+summer_2022_1+type@vertical+block@40e333290ea3458484a7b3972f0dbb13,
https://courses.openedu.ru/courses/course-v1:ITMOUniversity+DATANTECH2035+summer_2022_1/jump_to/block-v1:ITMOUniversity+DATANTECH2035+summer_2022_1+type@vertical+block@437113827b9949d380e5f031dfc00511,
https://courses.openedu.ru/courses/course-v1:ITMOUniversity+DATANTECH2035+summer_2022_1/jump_to/block-v1:ITMOUniversity+DATANTECH2035+summer_2022_1+type@vertical+block@0b7e50d81dc44cb7ad92bbb1d217608f,
https://drive.google.com/open?id=1HLJErnl0u_yiyrXykyq279DVuYMlQldW,
https://www.anaconda.com/,
https://courses.openedu.ru/assets/courseware/v1/81c893b3a74d7a3fe6a50d3f646e2d4c/asset-v1:ITMOUniversity+DATANTECH2035+summer_2022_1+type@asset+block/Public_Transport_db_description_RU.pdf,
https://courses.openedu.ru/courses/course-v1:ITMOUniversity+DATANTECH2035+summer_2022_1/jump_to/block-v1:ITMOUniversity+DATANTECH2035+summer_2022_1+type@vertical+block@2fcca7c357c04e1b8389c22091fac159,
https://courses.openedu.ru/courses/course-v1:ITMOUniversity+DATANTECH2035+summer_2022_1/jump_to/block-v1:ITMOUniversity+DATANTECH2035+summer_2022_1+type@vertical+block@de02773bfc1248f2923e5e596ab9fe71,
https://courses.openedu.ru/courses/course-v1:ITMOUniversity+DATANTECH2035+summer_2022_1/jump_to/block-v1:ITMOUniversity+DATANTECH2035+summer_2022_1+type@vertical+block@35fe28f2699440508f792932c6a408a4,
https://courses.openedu.ru/courses/course-v1:ITMOUniversity+DATANTECH2035+summer_2022_1/jump_to/block-v1:ITMOUniversity+DATANTECH2035+summer_2022_1+type@vertical+block@dd20175fffdf4eb598073b6645432cd0,
https://openedu.ru/faq/,
https://courses.openedu.ru/courses/course-v1:ITMOUniversity+DATANTECH2035+summer_2022_1/jump_to/block-v1:ITMOUniversity+DATANTECH2035+summer_2022_1+type@vertical+block@90b8023df78d4abc82d3defbaa91988e,
https://courses.openedu.ru/assets/courseware/v1/026df003374616cd821a861a3586191e/asset-v1:ITMOUniversity+DATANTECH2035+summer_2022_1+type@asset+block/task1_13_7_492998.csv,
