username,number of videos viewed
abrosimovaoe,24
akimovnv,87
alenatresh,116
anastasiiashadchneva,2
andrey_andreew,128
antondnn,32
antoni_chupis,89
antonkireew,99
balashovasa,19
bazhutinaov,113
bondarevskijmn,35
braunve,26
burbelaas,135
cherepanovaev,153
chursinovys,15
dajbageds,152
demidovaee,66
dgluschenko,104
dubravinna,83
dvolchek,3
dyachenkoov,94
dyakonovasg,79
evsikovks,45
ezhovaga,107
fadeevrv,95
fastmotor,8
gadzhieva_elvira,132
gorbunovaa,13
gudisea,14
hodyrevan,72
holodnayaev,8
ibatullinaav,46
id_brunetochka,66
id160430089,84
kazymovaya,111
komarovdi,51
konyaev-alexsandr,83
kotovaly,82
kozminyhms,120
kozyrevaes,59
krapivinasa,28
krylovaos,85
kucheruksv,81
kushmanovati,93
kuznecovaem,10
lactea,37
lazutkinn,117
lazyrinms,16
lohnevaei,89
lyalikovavg,120
mariia_i,2
markinaekal,26
martyshevdv,88
matveevamn,14
matveyukov,53
mdobrobaba,9
mengyas,97
mezan,84
mihajlovaev,37
mileniniv,130
mironovaekal,57
mishchenkoma,53
muravevalv,73
novikovaea,17
obedkovaav,14
OlgaStrelnikova,116
parnovaim,95
pavlovatv,156
petrovake,81
petrovarts,104
plotnikoviv,20
polikarpovoa,94
ponkratovaaa,52
popovaanvl,21
popovaverval,85
ratnersv,114
reshetnikovams,57
rezaiann,1
rigosikos,42
rogozinaiv,64
ryattelav,79
rylevagv,88
salihover,10
samohinavalo,32
savelevmm,32
semenovnn,14
shchitovaaa,22
shishkovavm,114
shulikavg,46
silaevama,110
sivakovia,158
sizovny,47
skopincevan,5
smolchenkomy,110
soa_,56
sobolevama,123
solodilovasv,59
sorokinasofig,21
suprun_a,109
tanyaahtanya,107
tishchenkodv,62
troyanovaa,107
ulyanovay,4
vlasovne,14
volkovayv,49
vorobevmy,76
xmmmmm,52
yakovlevairn,15
yurevaoa,158
zamulinaov,134
zaripovagm,5
zhmurinaad,65
zlobnovaai,38
zyryanovamo,72
